-- Items da mesa
INSERT INTO `restaurante`.`mesa` (`idmesa`, `descricao`, `status`) VALUES ('1', 'Mesa 1', 'L');
INSERT INTO `restaurante`.`mesa` (`idmesa`, `descricao`, `status`) VALUES ('2', 'Mesa 2', 'L');
INSERT INTO `restaurante`.`mesa` (`idmesa`, `descricao`, `status`) VALUES ('3', 'Mesa 3', 'L');
INSERT INTO `restaurante`.`mesa` (`idmesa`, `descricao`, `status`) VALUES ('4', 'Mesa 4', 'L');
INSERT INTO `restaurante`.`mesa` (`idmesa`, `descricao`, `status`) VALUES ('5', 'Mesa 5', 'L');
INSERT INTO `restaurante`.`mesa` (`idmesa`, `descricao`, `status`) VALUES ('6', 'Mesa 6', 'L');
INSERT INTO `restaurante`.`mesa` (`idmesa`, `descricao`, `status`) VALUES ('7', 'Mesa 7', 'L');
INSERT INTO `restaurante`.`mesa` (`idmesa`, `descricao`, `status`) VALUES ('8', 'Mesa 8', 'L');
INSERT INTO `restaurante`.`mesa` (`idmesa`, `descricao`, `status`) VALUES ('9', 'Mesa 9', 'L');
INSERT INTO `restaurante`.`mesa` (`idmesa`, `descricao`, `status`) VALUES ('10', 'Mesa 10', 'L');

-- Itens do produto
INSERT INTO `restaurante`.`produto` (`idproduto`, `descricao`, `precoVenda`) VALUES ('1', 'Produto 1', '35.98');
INSERT INTO `restaurante`.`produto` (`idproduto`, `descricao`, `precoVenda`) VALUES ('2', 'Produto 2', '79.02');
INSERT INTO `restaurante`.`produto` (`idproduto`, `descricao`, `precoVenda`) VALUES ('3', 'Produto 3', '21.32');
INSERT INTO `restaurante`.`produto` (`idproduto`, `descricao`, `precoVenda`) VALUES ('4', 'Produto 4', '67.63');
INSERT INTO `restaurante`.`produto` (`idproduto`, `descricao`, `precoVenda`) VALUES ('5', 'Produto 5', '11.09');
INSERT INTO `restaurante`.`produto` (`idproduto`, `descricao`, `precoVenda`) VALUES ('6', 'Produto 6', '17.49');
INSERT INTO `restaurante`.`produto` (`idproduto`, `descricao`, `precoVenda`) VALUES ('7', 'Produto 7', '73.72');
INSERT INTO `restaurante`.`produto` (`idproduto`, `descricao`, `precoVenda`) VALUES ('8', 'Produto 8', '29.35');
INSERT INTO `restaurante`.`produto` (`idproduto`, `descricao`, `precoVenda`) VALUES ('9', 'Produto 9', '56.56');
INSERT INTO `restaurante`.`produto` (`idproduto`, `descricao`, `precoVenda`) VALUES ('10', 'Produto 10', '29.66');

-- vendas encerradas
insert into vendaencerrada (ordemVenda, dataA, idproduto, idmesa, quantidade, preco) values (1, '2013-12-12 16:17:39', 6, 5, 15.82, 4.48);
insert into vendaencerrada (ordemVenda, dataA, idproduto, idmesa, quantidade, preco) values (1, '2014-07-23 14:23:20', 2, 3, 14.66, 11.91);
insert into vendaencerrada (ordemVenda, dataA, idproduto, idmesa, quantidade, preco) values (1, '2014-07-20 05:26:44', 6, 3, 11.2, 16.88);
insert into vendaencerrada (ordemVenda, dataA, idproduto, idmesa, quantidade, preco) values (1, '2014-10-21 14:55:52', 10, 2, 19.74, 18.83);
insert into vendaencerrada (ordemVenda, dataA, idproduto, idmesa, quantidade, preco) values (1, '2014-06-27 10:48:05', 9, 2, 17.24, 9.89);
insert into vendaencerrada (ordemVenda, dataA, idproduto, idmesa, quantidade, preco) values (2, '2014-11-22 20:17:14', 8, 4, 4.22, 13.59);
insert into vendaencerrada (ordemVenda, dataA, idproduto, idmesa, quantidade, preco) values (2, '2014-07-04 23:36:15', 3, 5, 19.9, 1.15);
insert into vendaencerrada (ordemVenda, dataA, idproduto, idmesa, quantidade, preco) values (2, '2014-07-15 12:19:36', 9, 5, 11.51, 16.09);
insert into vendaencerrada (ordemVenda, dataA, idproduto, idmesa, quantidade, preco) values (2, '2014-10-06 21:54:58', 10, 9, 11.78, 11.59);
insert into vendaencerrada (ordemVenda, dataA, idproduto, idmesa, quantidade, preco) values (2, '2014-09-07 23:02:17', 5, 2, 15.34, 12.96);
insert into vendaencerrada (ordemVenda, dataA, idproduto, idmesa, quantidade, preco) values (2, '2014-09-10 22:38:47', 3, 10, 6.21, 1.28);
insert into vendaencerrada (ordemVenda, dataA, idproduto, idmesa, quantidade, preco) values (2, '2014-10-24 14:37:21', 8, 9, 19.58, 3.76);
insert into vendaencerrada (ordemVenda, dataA, idproduto, idmesa, quantidade, preco) values (2, '2014-08-06 02:57:39', 7, 3, 8.09, 17.08);
insert into vendaencerrada (ordemVenda, dataA, idproduto, idmesa, quantidade, preco) values (2, '2014-06-01 15:25:28', 2, 10, 16.6, 7.11);
insert into vendaencerrada (ordemVenda, dataA, idproduto, idmesa, quantidade, preco) values (2, '2013-12-21 21:56:18', 9, 2, 3.68, 13.66);
insert into vendaencerrada (ordemVenda, dataA, idproduto, idmesa, quantidade, preco) values (3, '2014-03-14 15:59:04', 2, 8, 11.87, 2.81);
insert into vendaencerrada (ordemVenda, dataA, idproduto, idmesa, quantidade, preco) values (3, '2014-10-28 18:43:14', 4, 8, 7.4, 11.51);
insert into vendaencerrada (ordemVenda, dataA, idproduto, idmesa, quantidade, preco) values (3, '2014-02-04 23:45:12', 4, 7, 12.66, 6.28);
insert into vendaencerrada (ordemVenda, dataA, idproduto, idmesa, quantidade, preco) values (3, '2014-09-26 02:58:03', 6, 4, 17.18, 19.45);
insert into vendaencerrada (ordemVenda, dataA, idproduto, idmesa, quantidade, preco) values (3, '2014-05-18 11:07:41', 3, 10, 9.41, 11.77);
insert into vendaencerrada (ordemVenda, dataA, idproduto, idmesa, quantidade, preco) values (3, '2014-03-12 10:26:19', 5, 5, 10.76, 15.43);
insert into vendaencerrada (ordemVenda, dataA, idproduto, idmesa, quantidade, preco) values (3, '2014-03-31 06:27:37', 9, 10, 5.22, 7.87);
insert into vendaencerrada (ordemVenda, dataA, idproduto, idmesa, quantidade, preco) values (3, '2014-10-16 11:16:50', 1, 7, 1.43, 17.26);
insert into vendaencerrada (ordemVenda, dataA, idproduto, idmesa, quantidade, preco) values (3, '2014-10-14 23:42:38', 7, 4, 19.92, 16.99);
insert into vendaencerrada (ordemVenda, dataA, idproduto, idmesa, quantidade, preco) values (3, '2014-05-21 10:07:18', 3, 2, 3.39, 16.95);
insert into vendaencerrada (ordemVenda, dataA, idproduto, idmesa, quantidade, preco) values (3, '2014-07-30 13:14:20', 1, 4, 3.59, 8.9);
insert into vendaencerrada (ordemVenda, dataA, idproduto, idmesa, quantidade, preco) values (3, '2014-02-14 15:27:30', 8, 2, 16.47, 17.14);
insert into vendaencerrada (ordemVenda, dataA, idproduto, idmesa, quantidade, preco) values (3, '2014-05-26 17:42:25', 9, 3, 11.84, 14.12);
insert into vendaencerrada (ordemVenda, dataA, idproduto, idmesa, quantidade, preco) values (4, '2014-07-14 11:08:06', 8, 7, 5.62, 10.44);
insert into vendaencerrada (ordemVenda, dataA, idproduto, idmesa, quantidade, preco) values (4, '2014-08-10 21:33:42', 7, 4, 17.39, 9.6);
insert into vendaencerrada (ordemVenda, dataA, idproduto, idmesa, quantidade, preco) values (4, '2014-09-15 12:34:03', 2, 8, 14.12, 19.26);
insert into vendaencerrada (ordemVenda, dataA, idproduto, idmesa, quantidade, preco) values (4, '2014-08-03 23:30:55', 1, 8, 16.22, 2.44);
insert into vendaencerrada (ordemVenda, dataA, idproduto, idmesa, quantidade, preco) values (4, '2014-06-21 06:23:36', 5, 4, 18.86, 14.23);
insert into vendaencerrada (ordemVenda, dataA, idproduto, idmesa, quantidade, preco) values (5, '2013-12-02 16:28:50', 10, 9, 3.21, 11.21);
insert into vendaencerrada (ordemVenda, dataA, idproduto, idmesa, quantidade, preco) values (5, '2014-05-31 00:00:37', 2, 3, 13.71, 4.57);
insert into vendaencerrada (ordemVenda, dataA, idproduto, idmesa, quantidade, preco) values (5, '2014-09-02 12:28:38', 5, 10, 11.64, 14.48);
insert into vendaencerrada (ordemVenda, dataA, idproduto, idmesa, quantidade, preco) values (5, '2014-07-09 19:00:01', 3, 8, 14.45, 15.98);
insert into vendaencerrada (ordemVenda, dataA, idproduto, idmesa, quantidade, preco) values (5, '2013-12-14 15:09:09', 3, 2, 2.74, 18.53);
insert into vendaencerrada (ordemVenda, dataA, idproduto, idmesa, quantidade, preco) values (5, '2013-12-28 18:18:25', 7, 6, 2.59, 11.49);
insert into vendaencerrada (ordemVenda, dataA, idproduto, idmesa, quantidade, preco) values (5, '2014-11-18 09:11:35', 4, 3, 16.57, 14.79);
insert into vendaencerrada (ordemVenda, dataA, idproduto, idmesa, quantidade, preco) values (6, '2014-02-18 09:24:35', 6, 8, 4.29, 19.78);
insert into vendaencerrada (ordemVenda, dataA, idproduto, idmesa, quantidade, preco) values (6, '2014-07-15 08:47:26', 10, 10, 3.97, 17.27);
insert into vendaencerrada (ordemVenda, dataA, idproduto, idmesa, quantidade, preco) values (6, '2014-06-22 05:31:09', 7, 3, 4.95, 15.33);
insert into vendaencerrada (ordemVenda, dataA, idproduto, idmesa, quantidade, preco) values (6, '2014-06-04 05:23:58', 7, 8, 17.88, 6.34);
insert into vendaencerrada (ordemVenda, dataA, idproduto, idmesa, quantidade, preco) values (6, '2014-09-23 12:22:04', 10, 5, 19.6, 6.71);
insert into vendaencerrada (ordemVenda, dataA, idproduto, idmesa, quantidade, preco) values (6, '2014-03-19 10:08:49', 10, 7, 8.32, 14.21);
insert into vendaencerrada (ordemVenda, dataA, idproduto, idmesa, quantidade, preco) values (6, '2014-08-09 17:11:08', 6, 2, 9.48, 4.59);
insert into vendaencerrada (ordemVenda, dataA, idproduto, idmesa, quantidade, preco) values (6, '2014-07-29 22:56:12', 7, 4, 15.79, 13.3);
insert into vendaencerrada (ordemVenda, dataA, idproduto, idmesa, quantidade, preco) values (6, '2014-05-08 08:42:30', 3, 3, 3, 13.1);
insert into vendaencerrada (ordemVenda, dataA, idproduto, idmesa, quantidade, preco) values (6, '2014-07-26 21:12:46', 6, 10, 11.05, 19.04);
insert into vendaencerrada (ordemVenda, dataA, idproduto, idmesa, quantidade, preco) values (6, '2014-10-28 12:58:04', 2, 10, 17, 16.75);
insert into vendaencerrada (ordemVenda, dataA, idproduto, idmesa, quantidade, preco) values (7, '2014-10-23 18:14:16', 4, 10, 18.51, 17.77);
insert into vendaencerrada (ordemVenda, dataA, idproduto, idmesa, quantidade, preco) values (7, '2014-02-10 13:24:24', 3, 3, 16.05, 17);
insert into vendaencerrada (ordemVenda, dataA, idproduto, idmesa, quantidade, preco) values (7, '2014-03-22 10:43:53', 3, 2, 15.38, 1.18);
insert into vendaencerrada (ordemVenda, dataA, idproduto, idmesa, quantidade, preco) values (7, '2014-09-03 01:55:55', 10, 8, 17.08, 16.06);
insert into vendaencerrada (ordemVenda, dataA, idproduto, idmesa, quantidade, preco) values (7, '2013-12-23 12:57:26', 1, 8, 18.48, 12.7);
insert into vendaencerrada (ordemVenda, dataA, idproduto, idmesa, quantidade, preco) values (7, '2014-02-27 18:15:20', 10, 5, 17.07, 5.15);
insert into vendaencerrada (ordemVenda, dataA, idproduto, idmesa, quantidade, preco) values (7, '2014-03-29 15:05:11', 8, 6, 7.6, 3.13);
insert into vendaencerrada (ordemVenda, dataA, idproduto, idmesa, quantidade, preco) values (7, '2014-03-17 18:57:13', 2, 1, 14.74, 19.7);
insert into vendaencerrada (ordemVenda, dataA, idproduto, idmesa, quantidade, preco) values (7, '2014-10-30 00:42:54', 4, 10, 14.19, 12.9);
insert into vendaencerrada (ordemVenda, dataA, idproduto, idmesa, quantidade, preco) values (8, '2014-11-23 09:52:51', 10, 2, 6.95, 7.38);
insert into vendaencerrada (ordemVenda, dataA, idproduto, idmesa, quantidade, preco) values (8, '2013-12-21 16:24:21', 6, 3, 10.83, 1.34);
insert into vendaencerrada (ordemVenda, dataA, idproduto, idmesa, quantidade, preco) values (8, '2014-06-22 19:49:08', 2, 10, 3.54, 10.41);
insert into vendaencerrada (ordemVenda, dataA, idproduto, idmesa, quantidade, preco) values (8, '2013-11-30 13:22:52', 10, 10, 1.03, 16.45);
insert into vendaencerrada (ordemVenda, dataA, idproduto, idmesa, quantidade, preco) values (8, '2014-11-20 20:14:56', 4, 1, 13.9, 12.68);
insert into vendaencerrada (ordemVenda, dataA, idproduto, idmesa, quantidade, preco) values (8, '2014-08-08 18:35:03', 9, 2, 12.42, 1.78);
insert into vendaencerrada (ordemVenda, dataA, idproduto, idmesa, quantidade, preco) values (8, '2014-07-09 18:58:41', 10, 8, 3.43, 10.67);
insert into vendaencerrada (ordemVenda, dataA, idproduto, idmesa, quantidade, preco) values (8, '2014-04-25 21:25:39', 4, 4, 16.76, 8.17);
insert into vendaencerrada (ordemVenda, dataA, idproduto, idmesa, quantidade, preco) values (8, '2014-08-27 02:53:50', 2, 9, 11.75, 18.86);
insert into vendaencerrada (ordemVenda, dataA, idproduto, idmesa, quantidade, preco) values (8, '2014-05-16 22:22:53', 4, 2, 6.47, 2.7);
insert into vendaencerrada (ordemVenda, dataA, idproduto, idmesa, quantidade, preco) values (9, '2014-05-07 14:36:54', 5, 6, 11.47, 2.74);
insert into vendaencerrada (ordemVenda, dataA, idproduto, idmesa, quantidade, preco) values (9, '2014-06-17 01:40:55', 3, 7, 17.39, 6.38);
insert into vendaencerrada (ordemVenda, dataA, idproduto, idmesa, quantidade, preco) values (9, '2014-07-14 02:33:02', 8, 2, 12.91, 1.91);
insert into vendaencerrada (ordemVenda, dataA, idproduto, idmesa, quantidade, preco) values (9, '2014-06-04 14:09:22', 8, 4, 11.23, 7.81);
insert into vendaencerrada (ordemVenda, dataA, idproduto, idmesa, quantidade, preco) values (9, '2014-09-19 00:42:13', 6, 3, 13.66, 15.33);
insert into vendaencerrada (ordemVenda, dataA, idproduto, idmesa, quantidade, preco) values (9, '2014-01-12 14:36:44', 3, 6, 1.14, 2.38);
insert into vendaencerrada (ordemVenda, dataA, idproduto, idmesa, quantidade, preco) values (9, '2014-04-06 18:27:23', 7, 9, 11.68, 6.46);
insert into vendaencerrada (ordemVenda, dataA, idproduto, idmesa, quantidade, preco) values (9, '2014-01-18 15:54:40', 1, 3, 6.1, 1.84);
insert into vendaencerrada (ordemVenda, dataA, idproduto, idmesa, quantidade, preco) values (9, '2014-05-16 11:04:47', 4, 10, 8.7, 16.32);
insert into vendaencerrada (ordemVenda, dataA, idproduto, idmesa, quantidade, preco) values (10, '2014-07-03 06:57:02', 2, 2, 7.62, 4.18);
insert into vendaencerrada (ordemVenda, dataA, idproduto, idmesa, quantidade, preco) values (10, '2014-09-26 00:17:05', 3, 1, 7.5, 14.11);
insert into vendaencerrada (ordemVenda, dataA, idproduto, idmesa, quantidade, preco) values (10, '2014-09-01 21:15:56', 2, 7, 11.96, 16.72);
insert into vendaencerrada (ordemVenda, dataA, idproduto, idmesa, quantidade, preco) values (10, '2014-10-19 09:17:16', 1, 9, 19.26, 11);
insert into vendaencerrada (ordemVenda, dataA, idproduto, idmesa, quantidade, preco) values (10, '2014-05-21 03:40:42', 4, 7, 4.3, 11.16);
insert into vendaencerrada (ordemVenda, dataA, idproduto, idmesa, quantidade, preco) values (10, '2014-11-22 02:03:31', 4, 1, 1.98, 10.53);
insert into vendaencerrada (ordemVenda, dataA, idproduto, idmesa, quantidade, preco) values (10, '2014-08-06 06:28:28', 9, 10, 10.33, 2.72);
insert into vendaencerrada (ordemVenda, dataA, idproduto, idmesa, quantidade, preco) values (10, '2014-09-20 04:49:59', 10, 9, 1.46, 14.39);
insert into vendaencerrada (ordemVenda, dataA, idproduto, idmesa, quantidade, preco) values (10, '2014-05-12 10:00:13', 3, 10, 10.09, 1.56);
insert into vendaencerrada (ordemVenda, dataA, idproduto, idmesa, quantidade, preco) values (10, '2014-03-04 05:48:56', 1, 2, 9.65, 1.76);
insert into vendaencerrada (ordemVenda, dataA, idproduto, idmesa, quantidade, preco) values (10, '2014-08-26 22:45:57', 8, 7, 13.89, 9.88);
insert into vendaencerrada (ordemVenda, dataA, idproduto, idmesa, quantidade, preco) values (11, '2014-03-19 10:12:18', 6, 8, 6.54, 11.29);
insert into vendaencerrada (ordemVenda, dataA, idproduto, idmesa, quantidade, preco) values (11, '2014-03-23 05:23:47', 2, 5, 13.36, 1.08);
insert into vendaencerrada (ordemVenda, dataA, idproduto, idmesa, quantidade, preco) values (11, '2014-08-25 14:04:18', 5, 1, 2.2, 4.2);
insert into vendaencerrada (ordemVenda, dataA, idproduto, idmesa, quantidade, preco) values (11, '2014-10-31 19:20:07', 4, 2, 8.08, 12.7);
insert into vendaencerrada (ordemVenda, dataA, idproduto, idmesa, quantidade, preco) values (11, '2014-09-02 17:07:43', 4, 10, 14.08, 19.13);
insert into vendaencerrada (ordemVenda, dataA, idproduto, idmesa, quantidade, preco) values (11, '2014-09-21 12:16:55', 1, 4, 2.2, 10.87);
insert into vendaencerrada (ordemVenda, dataA, idproduto, idmesa, quantidade, preco) values (11, '2014-02-25 01:21:26', 10, 9, 17.78, 18.33);
insert into vendaencerrada (ordemVenda, dataA, idproduto, idmesa, quantidade, preco) values (11, '2013-12-30 16:57:08', 6, 4, 11.79, 14.65);
insert into vendaencerrada (ordemVenda, dataA, idproduto, idmesa, quantidade, preco) values (11, '2014-05-10 03:46:02', 10, 4, 8.37, 4.99);
insert into vendaencerrada (ordemVenda, dataA, idproduto, idmesa, quantidade, preco) values (12, '2014-04-24 20:49:25', 2, 3, 5.58, 1.13);
insert into vendaencerrada (ordemVenda, dataA, idproduto, idmesa, quantidade, preco) values (12, '2014-04-26 19:33:10', 10, 1, 12.9, 6.54);
insert into vendaencerrada (ordemVenda, dataA, idproduto, idmesa, quantidade, preco) values (12, '2014-07-11 21:33:21', 3, 4, 14.07, 19.06);
insert into vendaencerrada (ordemVenda, dataA, idproduto, idmesa, quantidade, preco) values (12, '2014-02-16 18:22:35', 5, 4, 19.19, 12.69);
insert into vendaencerrada (ordemVenda, dataA, idproduto, idmesa, quantidade, preco) values (12, '2014-03-26 03:50:58', 2, 2, 5.7, 4.39);
insert into vendaencerrada (ordemVenda, dataA, idproduto, idmesa, quantidade, preco) values (12, '2014-02-02 13:23:11', 8, 1, 2.47, 1.27);
insert into vendaencerrada (ordemVenda, dataA, idproduto, idmesa, quantidade, preco) values (13, '2013-12-07 23:50:15', 1, 3, 6.25, 3.27);
insert into vendaencerrada (ordemVenda, dataA, idproduto, idmesa, quantidade, preco) values (13, '2013-12-05 01:51:15', 8, 7, 4.64, 12.9);
insert into vendaencerrada (ordemVenda, dataA, idproduto, idmesa, quantidade, preco) values (13, '2014-11-21 10:57:30', 6, 1, 4.87, 18.25);
insert into vendaencerrada (ordemVenda, dataA, idproduto, idmesa, quantidade, preco) values (13, '2014-06-14 09:47:49', 10, 3, 8.81, 16.35);
insert into vendaencerrada (ordemVenda, dataA, idproduto, idmesa, quantidade, preco) values (13, '2014-09-20 11:58:45', 1, 2, 2.43, 18.1);
insert into vendaencerrada (ordemVenda, dataA, idproduto, idmesa, quantidade, preco) values (13, '2014-10-18 11:07:15', 3, 8, 10.23, 13.38);
insert into vendaencerrada (ordemVenda, dataA, idproduto, idmesa, quantidade, preco) values (13, '2014-06-27 05:33:47', 4, 1, 19.27, 4.37);
insert into vendaencerrada (ordemVenda, dataA, idproduto, idmesa, quantidade, preco) values (14, '2014-04-20 06:34:16', 9, 5, 4.9, 11.58);
insert into vendaencerrada (ordemVenda, dataA, idproduto, idmesa, quantidade, preco) values (14, '2014-06-26 14:37:59', 8, 1, 6.44, 9.3);
insert into vendaencerrada (ordemVenda, dataA, idproduto, idmesa, quantidade, preco) values (14, '2014-09-18 21:17:29', 5, 9, 11.15, 5.01);
insert into vendaencerrada (ordemVenda, dataA, idproduto, idmesa, quantidade, preco) values (14, '2014-07-29 15:42:32', 5, 7, 5.45, 6.55);
insert into vendaencerrada (ordemVenda, dataA, idproduto, idmesa, quantidade, preco) values (14, '2013-12-28 09:03:33', 5, 9, 1.61, 13.95);
insert into vendaencerrada (ordemVenda, dataA, idproduto, idmesa, quantidade, preco) values (14, '2014-11-19 21:36:43', 6, 4, 13.95, 16.01);
insert into vendaencerrada (ordemVenda, dataA, idproduto, idmesa, quantidade, preco) values (14, '2014-03-17 17:36:47', 5, 6, 9.44, 11.93);
insert into vendaencerrada (ordemVenda, dataA, idproduto, idmesa, quantidade, preco) values (14, '2014-11-26 02:22:27', 1, 1, 8.9, 1.19);
insert into vendaencerrada (ordemVenda, dataA, idproduto, idmesa, quantidade, preco) values (14, '2014-04-14 06:09:12', 9, 6, 12, 1.89);
insert into vendaencerrada (ordemVenda, dataA, idproduto, idmesa, quantidade, preco) values (14, '2014-04-18 20:57:34', 4, 4, 15.91, 19.2);
insert into vendaencerrada (ordemVenda, dataA, idproduto, idmesa, quantidade, preco) values (15, '2014-05-25 21:48:26', 9, 10, 18.11, 16.26);
insert into vendaencerrada (ordemVenda, dataA, idproduto, idmesa, quantidade, preco) values (15, '2014-08-26 23:28:25', 8, 8, 12.17, 18.5);
insert into vendaencerrada (ordemVenda, dataA, idproduto, idmesa, quantidade, preco) values (15, '2014-05-24 07:06:06', 9, 1, 9.12, 5.5);
insert into vendaencerrada (ordemVenda, dataA, idproduto, idmesa, quantidade, preco) values (15, '2014-07-02 22:36:14', 2, 7, 4.53, 12.05);
insert into vendaencerrada (ordemVenda, dataA, idproduto, idmesa, quantidade, preco) values (15, '2014-10-31 02:24:21', 4, 7, 9.65, 7.87);
insert into vendaencerrada (ordemVenda, dataA, idproduto, idmesa, quantidade, preco) values (15, '2014-08-11 17:24:21', 4, 1, 16.61, 6.3);
insert into vendaencerrada (ordemVenda, dataA, idproduto, idmesa, quantidade, preco) values (15, '2014-04-17 06:17:49', 9, 6, 11.05, 19.36);
insert into vendaencerrada (ordemVenda, dataA, idproduto, idmesa, quantidade, preco) values (15, '2014-05-04 10:40:04', 8, 4, 7.06, 12.3);
insert into vendaencerrada (ordemVenda, dataA, idproduto, idmesa, quantidade, preco) values (15, '2014-11-19 09:08:10', 5, 3, 7.96, 19.74);
insert into vendaencerrada (ordemVenda, dataA, idproduto, idmesa, quantidade, preco) values (15, '2014-02-14 19:57:10', 5, 1, 12.41, 18.44);
insert into vendaencerrada (ordemVenda, dataA, idproduto, idmesa, quantidade, preco) values (16, '2014-07-24 04:03:10', 2, 7, 8.1, 4.21);
insert into vendaencerrada (ordemVenda, dataA, idproduto, idmesa, quantidade, preco) values (16, '2013-12-06 00:56:19', 5, 2, 3.23, 4.56);
insert into vendaencerrada (ordemVenda, dataA, idproduto, idmesa, quantidade, preco) values (16, '2014-06-12 07:50:29', 9, 2, 13.48, 13.9);
insert into vendaencerrada (ordemVenda, dataA, idproduto, idmesa, quantidade, preco) values (16, '2014-01-09 17:07:35', 4, 4, 2.48, 4.75);
insert into vendaencerrada (ordemVenda, dataA, idproduto, idmesa, quantidade, preco) values (16, '2014-10-30 18:54:27', 6, 8, 4.93, 3.59);
insert into vendaencerrada (ordemVenda, dataA, idproduto, idmesa, quantidade, preco) values (16, '2014-04-01 14:40:04', 5, 7, 7.38, 11.85);
insert into vendaencerrada (ordemVenda, dataA, idproduto, idmesa, quantidade, preco) values (16, '2013-12-29 08:52:09', 4, 2, 16.26, 19.01);
insert into vendaencerrada (ordemVenda, dataA, idproduto, idmesa, quantidade, preco) values (16, '2014-06-18 16:01:06', 4, 3, 16.08, 19.01);
insert into vendaencerrada (ordemVenda, dataA, idproduto, idmesa, quantidade, preco) values (16, '2014-10-05 13:12:53', 2, 8, 12.75, 11.7);
insert into vendaencerrada (ordemVenda, dataA, idproduto, idmesa, quantidade, preco) values (16, '2014-08-02 18:48:45', 9, 6, 1.71, 5.57);
insert into vendaencerrada (ordemVenda, dataA, idproduto, idmesa, quantidade, preco) values (16, '2014-08-27 09:29:29', 9, 6, 9.08, 9.44);
insert into vendaencerrada (ordemVenda, dataA, idproduto, idmesa, quantidade, preco) values (16, '2014-11-22 20:32:32', 7, 9, 3.46, 9.15);
insert into vendaencerrada (ordemVenda, dataA, idproduto, idmesa, quantidade, preco) values (16, '2014-10-26 14:42:39', 9, 4, 2.71, 7.21);
insert into vendaencerrada (ordemVenda, dataA, idproduto, idmesa, quantidade, preco) values (17, '2013-12-12 17:05:49', 1, 3, 18.58, 5.47);
insert into vendaencerrada (ordemVenda, dataA, idproduto, idmesa, quantidade, preco) values (17, '2014-07-16 03:01:14', 7, 2, 2.48, 10.47);
insert into vendaencerrada (ordemVenda, dataA, idproduto, idmesa, quantidade, preco) values (17, '2013-12-18 14:58:29', 10, 4, 5.73, 13.98);
insert into vendaencerrada (ordemVenda, dataA, idproduto, idmesa, quantidade, preco) values (17, '2014-07-15 13:09:51', 4, 4, 4.9, 15.68);
insert into vendaencerrada (ordemVenda, dataA, idproduto, idmesa, quantidade, preco) values (17, '2014-10-05 23:28:03', 7, 9, 11.62, 15.02);
insert into vendaencerrada (ordemVenda, dataA, idproduto, idmesa, quantidade, preco) values (17, '2014-03-10 07:05:55', 10, 3, 11.09, 7.64);
insert into vendaencerrada (ordemVenda, dataA, idproduto, idmesa, quantidade, preco) values (18, '2014-06-22 00:09:21', 8, 7, 19.51, 16.29);
insert into vendaencerrada (ordemVenda, dataA, idproduto, idmesa, quantidade, preco) values (18, '2013-12-27 11:19:21', 3, 4, 17.03, 7.52);
insert into vendaencerrada (ordemVenda, dataA, idproduto, idmesa, quantidade, preco) values (18, '2014-01-07 16:24:48', 8, 5, 5.13, 10.07);
insert into vendaencerrada (ordemVenda, dataA, idproduto, idmesa, quantidade, preco) values (18, '2014-07-26 08:26:53', 9, 9, 9.08, 14.79);
insert into vendaencerrada (ordemVenda, dataA, idproduto, idmesa, quantidade, preco) values (18, '2014-05-07 12:36:58', 3, 7, 4.46, 13.63);
insert into vendaencerrada (ordemVenda, dataA, idproduto, idmesa, quantidade, preco) values (18, '2014-04-01 13:26:28', 2, 3, 16.83, 11.02);
insert into vendaencerrada (ordemVenda, dataA, idproduto, idmesa, quantidade, preco) values (18, '2013-12-05 19:13:15', 6, 9, 6.93, 19.24);
insert into vendaencerrada (ordemVenda, dataA, idproduto, idmesa, quantidade, preco) values (18, '2014-09-14 03:53:19', 9, 10, 1.59, 8.69);
insert into vendaencerrada (ordemVenda, dataA, idproduto, idmesa, quantidade, preco) values (18, '2014-02-11 22:25:11', 4, 10, 7.52, 5.84);
insert into vendaencerrada (ordemVenda, dataA, idproduto, idmesa, quantidade, preco) values (18, '2014-08-29 00:12:48', 5, 1, 11.55, 13.85);
insert into vendaencerrada (ordemVenda, dataA, idproduto, idmesa, quantidade, preco) values (18, '2014-07-29 20:20:55', 1, 3, 10.66, 7.1);
insert into vendaencerrada (ordemVenda, dataA, idproduto, idmesa, quantidade, preco) values (18, '2014-08-04 02:29:17', 5, 1, 7.59, 18.46);
insert into vendaencerrada (ordemVenda, dataA, idproduto, idmesa, quantidade, preco) values (18, '2013-12-05 01:45:24', 1, 1, 1.11, 3.41);
insert into vendaencerrada (ordemVenda, dataA, idproduto, idmesa, quantidade, preco) values (18, '2014-10-10 01:21:55', 10, 7, 15.42, 10.1);
insert into vendaencerrada (ordemVenda, dataA, idproduto, idmesa, quantidade, preco) values (19, '2014-04-10 05:25:17', 9, 2, 19.91, 11.61);
insert into vendaencerrada (ordemVenda, dataA, idproduto, idmesa, quantidade, preco) values (19, '2014-11-11 23:02:05', 10, 9, 13.82, 18.4);
insert into vendaencerrada (ordemVenda, dataA, idproduto, idmesa, quantidade, preco) values (19, '2014-11-10 19:52:59', 2, 1, 6.14, 19.58);
insert into vendaencerrada (ordemVenda, dataA, idproduto, idmesa, quantidade, preco) values (19, '2014-08-07 11:38:03', 5, 6, 19.25, 14.29);
insert into vendaencerrada (ordemVenda, dataA, idproduto, idmesa, quantidade, preco) values (19, '2014-06-09 07:22:28', 1, 8, 7.63, 13.76);
insert into vendaencerrada (ordemVenda, dataA, idproduto, idmesa, quantidade, preco) values (19, '2014-01-19 13:41:56', 7, 8, 1.12, 4.42);
insert into vendaencerrada (ordemVenda, dataA, idproduto, idmesa, quantidade, preco) values (19, '2014-04-19 14:11:40', 4, 5, 2.76, 11.08);
insert into vendaencerrada (ordemVenda, dataA, idproduto, idmesa, quantidade, preco) values (19, '2013-12-14 14:47:41', 6, 1, 18.91, 6.24);
insert into vendaencerrada (ordemVenda, dataA, idproduto, idmesa, quantidade, preco) values (19, '2014-03-14 13:42:46', 3, 7, 14.27, 17.95);
insert into vendaencerrada (ordemVenda, dataA, idproduto, idmesa, quantidade, preco) values (19, '2014-06-23 01:48:28', 1, 2, 18.99, 5.96);
insert into vendaencerrada (ordemVenda, dataA, idproduto, idmesa, quantidade, preco) values (19, '2014-03-28 21:03:08', 10, 1, 18.77, 7);
insert into vendaencerrada (ordemVenda, dataA, idproduto, idmesa, quantidade, preco) values (19, '2014-05-06 03:06:15', 7, 3, 3.01, 5.97);
insert into vendaencerrada (ordemVenda, dataA, idproduto, idmesa, quantidade, preco) values (19, '2014-03-28 08:59:59', 10, 1, 19.05, 9.73);
insert into vendaencerrada (ordemVenda, dataA, idproduto, idmesa, quantidade, preco) values (19, '2014-07-31 19:19:19', 8, 1, 14.08, 7.28);
insert into vendaencerrada (ordemVenda, dataA, idproduto, idmesa, quantidade, preco) values (20, '2014-09-26 06:20:18', 7, 9, 13.86, 7.82);
insert into vendaencerrada (ordemVenda, dataA, idproduto, idmesa, quantidade, preco) values (20, '2014-10-01 15:30:40', 3, 4, 16.7, 8.11);
insert into vendaencerrada (ordemVenda, dataA, idproduto, idmesa, quantidade, preco) values (20, '2014-06-13 13:37:27', 9, 5, 12.16, 16.55);
insert into vendaencerrada (ordemVenda, dataA, idproduto, idmesa, quantidade, preco) values (20, '2014-10-22 15:37:31', 7, 10, 19.67, 9.24);
insert into vendaencerrada (ordemVenda, dataA, idproduto, idmesa, quantidade, preco) values (20, '2014-03-31 16:37:39', 8, 4, 4.22, 12.57);
insert into vendaencerrada (ordemVenda, dataA, idproduto, idmesa, quantidade, preco) values (20, '2014-08-29 08:17:41', 1, 8, 17.58, 3.6);
insert into vendaencerrada (ordemVenda, dataA, idproduto, idmesa, quantidade, preco) values (20, '2013-12-06 14:36:51', 4, 9, 6.33, 9.97);
insert into vendaencerrada (ordemVenda, dataA, idproduto, idmesa, quantidade, preco) values (20, '2014-02-03 07:30:29', 7, 5, 11.68, 17.61);
insert into vendaencerrada (ordemVenda, dataA, idproduto, idmesa, quantidade, preco) values (20, '2014-10-03 04:08:19', 5, 8, 7.14, 19.66);
insert into vendaencerrada (ordemVenda, dataA, idproduto, idmesa, quantidade, preco) values (20, '2014-08-20 08:48:39', 2, 7, 14.2, 16.49);
insert into vendaencerrada (ordemVenda, dataA, idproduto, idmesa, quantidade, preco) values (21, '2014-07-25 07:53:09', 7, 8, 9.73, 13.27);
insert into vendaencerrada (ordemVenda, dataA, idproduto, idmesa, quantidade, preco) values (21, '2014-07-24 06:11:51', 7, 2, 17.75, 18.94);
insert into vendaencerrada (ordemVenda, dataA, idproduto, idmesa, quantidade, preco) values (21, '2014-01-13 14:25:37', 7, 6, 5.95, 11.3);
insert into vendaencerrada (ordemVenda, dataA, idproduto, idmesa, quantidade, preco) values (21, '2014-09-02 12:36:44', 9, 4, 13.47, 8.15);
insert into vendaencerrada (ordemVenda, dataA, idproduto, idmesa, quantidade, preco) values (21, '2013-12-14 23:46:33', 4, 8, 18.19, 16.4);
insert into vendaencerrada (ordemVenda, dataA, idproduto, idmesa, quantidade, preco) values (21, '2014-08-24 05:44:47', 6, 9, 2.37, 9.07);
insert into vendaencerrada (ordemVenda, dataA, idproduto, idmesa, quantidade, preco) values (21, '2014-05-18 14:56:41', 3, 8, 16.81, 17.17);
insert into vendaencerrada (ordemVenda, dataA, idproduto, idmesa, quantidade, preco) values (21, '2014-10-05 15:45:10', 9, 8, 12.4, 6.67);
insert into vendaencerrada (ordemVenda, dataA, idproduto, idmesa, quantidade, preco) values (21, '2014-07-04 10:26:33', 2, 3, 1.97, 12.55);
insert into vendaencerrada (ordemVenda, dataA, idproduto, idmesa, quantidade, preco) values (21, '2014-07-19 15:50:42', 9, 6, 6.6, 17.58);
insert into vendaencerrada (ordemVenda, dataA, idproduto, idmesa, quantidade, preco) values (21, '2014-07-01 04:28:07', 5, 3, 15.31, 19.27);
insert into vendaencerrada (ordemVenda, dataA, idproduto, idmesa, quantidade, preco) values (21, '2014-11-09 19:03:41', 7, 3, 18.37, 19.52);
insert into vendaencerrada (ordemVenda, dataA, idproduto, idmesa, quantidade, preco) values (22, '2014-07-26 10:24:58', 7, 3, 15.13, 19.12);
insert into vendaencerrada (ordemVenda, dataA, idproduto, idmesa, quantidade, preco) values (22, '2014-05-03 10:01:44', 7, 10, 16.95, 9.93);
insert into vendaencerrada (ordemVenda, dataA, idproduto, idmesa, quantidade, preco) values (22, '2014-02-07 13:38:26', 10, 10, 17.51, 13.6);
insert into vendaencerrada (ordemVenda, dataA, idproduto, idmesa, quantidade, preco) values (22, '2014-05-14 18:58:24', 3, 9, 15.59, 8.99);
insert into vendaencerrada (ordemVenda, dataA, idproduto, idmesa, quantidade, preco) values (22, '2014-06-18 23:38:29', 6, 8, 19.37, 11.01);
insert into vendaencerrada (ordemVenda, dataA, idproduto, idmesa, quantidade, preco) values (22, '2014-07-24 11:05:13', 9, 8, 3.5, 7.05);
insert into vendaencerrada (ordemVenda, dataA, idproduto, idmesa, quantidade, preco) values (22, '2014-05-19 22:53:07', 5, 1, 13.38, 16.71);
insert into vendaencerrada (ordemVenda, dataA, idproduto, idmesa, quantidade, preco) values (22, '2014-01-12 03:36:30', 8, 8, 12.36, 19.46);
insert into vendaencerrada (ordemVenda, dataA, idproduto, idmesa, quantidade, preco) values (22, '2014-04-14 11:58:40', 6, 3, 2.94, 10.71);
insert into vendaencerrada (ordemVenda, dataA, idproduto, idmesa, quantidade, preco) values (22, '2014-06-09 21:48:01', 10, 2, 14.13, 17.35);
insert into vendaencerrada (ordemVenda, dataA, idproduto, idmesa, quantidade, preco) values (22, '2014-05-28 22:59:19', 10, 4, 5.79, 14.63);
insert into vendaencerrada (ordemVenda, dataA, idproduto, idmesa, quantidade, preco) values (23, '2014-05-18 15:45:40', 10, 5, 14.27, 7.79);
insert into vendaencerrada (ordemVenda, dataA, idproduto, idmesa, quantidade, preco) values (23, '2014-03-04 10:04:07', 7, 4, 17.77, 6.09);
insert into vendaencerrada (ordemVenda, dataA, idproduto, idmesa, quantidade, preco) values (23, '2014-08-04 12:58:45', 9, 7, 19.56, 5.24);
insert into vendaencerrada (ordemVenda, dataA, idproduto, idmesa, quantidade, preco) values (23, '2014-09-01 03:54:20', 4, 3, 15.59, 19.16);
insert into vendaencerrada (ordemVenda, dataA, idproduto, idmesa, quantidade, preco) values (23, '2014-04-22 19:07:20', 2, 3, 19.19, 11.38);
insert into vendaencerrada (ordemVenda, dataA, idproduto, idmesa, quantidade, preco) values (23, '2014-04-27 04:16:34', 8, 8, 16.28, 5.6);
insert into vendaencerrada (ordemVenda, dataA, idproduto, idmesa, quantidade, preco) values (23, '2014-07-26 21:02:24', 10, 8, 8.28, 18);
insert into vendaencerrada (ordemVenda, dataA, idproduto, idmesa, quantidade, preco) values (23, '2014-06-18 09:36:50', 7, 1, 15.67, 8.79);
insert into vendaencerrada (ordemVenda, dataA, idproduto, idmesa, quantidade, preco) values (23, '2014-03-16 16:17:53', 9, 2, 10.09, 11.86);
insert into vendaencerrada (ordemVenda, dataA, idproduto, idmesa, quantidade, preco) values (23, '2014-07-09 23:14:25', 10, 3, 11.26, 13.04);
insert into vendaencerrada (ordemVenda, dataA, idproduto, idmesa, quantidade, preco) values (23, '2014-05-29 06:04:00', 9, 10, 2.64, 7.92);
insert into vendaencerrada (ordemVenda, dataA, idproduto, idmesa, quantidade, preco) values (23, '2014-09-04 00:58:47', 3, 7, 8.67, 5.53);
insert into vendaencerrada (ordemVenda, dataA, idproduto, idmesa, quantidade, preco) values (23, '2014-04-26 22:06:57', 5, 3, 12.63, 7.08);
insert into vendaencerrada (ordemVenda, dataA, idproduto, idmesa, quantidade, preco) values (23, '2014-05-21 22:33:54', 1, 7, 19.55, 17.85);
insert into vendaencerrada (ordemVenda, dataA, idproduto, idmesa, quantidade, preco) values (23, '2014-11-07 00:52:55', 10, 3, 18.3, 7.54);
insert into vendaencerrada (ordemVenda, dataA, idproduto, idmesa, quantidade, preco) values (24, '2014-09-20 05:10:33', 2, 6, 11.63, 12.93);
insert into vendaencerrada (ordemVenda, dataA, idproduto, idmesa, quantidade, preco) values (24, '2014-08-09 22:55:55', 9, 5, 13.2, 15.03);
insert into vendaencerrada (ordemVenda, dataA, idproduto, idmesa, quantidade, preco) values (24, '2014-02-19 05:57:19', 7, 10, 11.2, 18.22);
insert into vendaencerrada (ordemVenda, dataA, idproduto, idmesa, quantidade, preco) values (24, '2014-05-26 07:49:40', 3, 5, 3.14, 7.2);
insert into vendaencerrada (ordemVenda, dataA, idproduto, idmesa, quantidade, preco) values (24, '2014-10-06 00:35:48', 7, 5, 17.61, 17.02);
insert into vendaencerrada (ordemVenda, dataA, idproduto, idmesa, quantidade, preco) values (24, '2014-10-16 20:19:19', 3, 2, 14.36, 6.37);
insert into vendaencerrada (ordemVenda, dataA, idproduto, idmesa, quantidade, preco) values (24, '2014-11-25 13:17:54', 7, 4, 16.36, 13.33);
insert into vendaencerrada (ordemVenda, dataA, idproduto, idmesa, quantidade, preco) values (24, '2014-09-09 06:40:38', 7, 7, 6.21, 2.14);
insert into vendaencerrada (ordemVenda, dataA, idproduto, idmesa, quantidade, preco) values (25, '2014-11-21 03:37:26', 10, 1, 13.12, 7.06);
insert into vendaencerrada (ordemVenda, dataA, idproduto, idmesa, quantidade, preco) values (25, '2014-08-09 04:51:11', 10, 9, 11.64, 7.26);
insert into vendaencerrada (ordemVenda, dataA, idproduto, idmesa, quantidade, preco) values (25, '2014-09-25 05:01:30', 5, 1, 2.57, 16.98);
insert into vendaencerrada (ordemVenda, dataA, idproduto, idmesa, quantidade, preco) values (25, '2014-01-14 02:19:51', 7, 6, 6.47, 13.96);
insert into vendaencerrada (ordemVenda, dataA, idproduto, idmesa, quantidade, preco) values (25, '2014-01-09 04:19:45', 10, 6, 17.44, 11.08);
insert into vendaencerrada (ordemVenda, dataA, idproduto, idmesa, quantidade, preco) values (25, '2014-09-24 16:47:39', 10, 6, 1.11, 15.11);
insert into vendaencerrada (ordemVenda, dataA, idproduto, idmesa, quantidade, preco) values (25, '2014-06-17 13:46:44', 8, 1, 19.2, 10.73);
insert into vendaencerrada (ordemVenda, dataA, idproduto, idmesa, quantidade, preco) values (25, '2014-07-03 16:23:42', 8, 10, 1.45, 2.66);
insert into vendaencerrada (ordemVenda, dataA, idproduto, idmesa, quantidade, preco) values (25, '2014-01-17 18:35:00', 2, 6, 14.71, 8.65);
insert into vendaencerrada (ordemVenda, dataA, idproduto, idmesa, quantidade, preco) values (25, '2014-02-26 08:52:00', 2, 9, 14.39, 19.09);
insert into vendaencerrada (ordemVenda, dataA, idproduto, idmesa, quantidade, preco) values (25, '2014-06-11 07:25:08', 9, 9, 16, 12.78);
insert into vendaencerrada (ordemVenda, dataA, idproduto, idmesa, quantidade, preco) values (26, '2014-10-27 12:36:40', 1, 5, 2.7, 10.68);
insert into vendaencerrada (ordemVenda, dataA, idproduto, idmesa, quantidade, preco) values (26, '2014-02-02 17:59:19', 1, 8, 4.95, 17.55);
insert into vendaencerrada (ordemVenda, dataA, idproduto, idmesa, quantidade, preco) values (26, '2014-11-05 08:25:15', 10, 1, 3.77, 15.7);
insert into vendaencerrada (ordemVenda, dataA, idproduto, idmesa, quantidade, preco) values (26, '2014-05-11 21:53:27', 10, 1, 13.41, 1.53);
insert into vendaencerrada (ordemVenda, dataA, idproduto, idmesa, quantidade, preco) values (26, '2014-07-26 14:01:55', 7, 5, 5.27, 7.68);
insert into vendaencerrada (ordemVenda, dataA, idproduto, idmesa, quantidade, preco) values (26, '2014-01-12 08:40:23', 3, 4, 7.03, 4.64);
insert into vendaencerrada (ordemVenda, dataA, idproduto, idmesa, quantidade, preco) values (26, '2014-10-24 12:49:03', 1, 2, 3.79, 10.93);
insert into vendaencerrada (ordemVenda, dataA, idproduto, idmesa, quantidade, preco) values (26, '2014-10-11 00:31:57', 8, 5, 1.96, 11.34);
insert into vendaencerrada (ordemVenda, dataA, idproduto, idmesa, quantidade, preco) values (27, '2014-06-21 08:59:33', 4, 10, 1.76, 17.17);
insert into vendaencerrada (ordemVenda, dataA, idproduto, idmesa, quantidade, preco) values (27, '2014-08-28 20:08:45', 3, 10, 14.28, 14.76);
insert into vendaencerrada (ordemVenda, dataA, idproduto, idmesa, quantidade, preco) values (27, '2014-04-11 20:32:20', 4, 7, 12.53, 4.13);
insert into vendaencerrada (ordemVenda, dataA, idproduto, idmesa, quantidade, preco) values (27, '2014-10-09 18:19:17', 3, 6, 5.32, 1.92);
insert into vendaencerrada (ordemVenda, dataA, idproduto, idmesa, quantidade, preco) values (27, '2014-05-12 16:44:57', 7, 3, 6.31, 16.03);
insert into vendaencerrada (ordemVenda, dataA, idproduto, idmesa, quantidade, preco) values (27, '2014-09-30 10:43:24', 7, 10, 1.64, 19.79);
insert into vendaencerrada (ordemVenda, dataA, idproduto, idmesa, quantidade, preco) values (27, '2014-06-07 21:25:02', 4, 5, 5.9, 2.89);
insert into vendaencerrada (ordemVenda, dataA, idproduto, idmesa, quantidade, preco) values (27, '2014-01-04 19:45:50', 2, 5, 13.66, 2.23);
insert into vendaencerrada (ordemVenda, dataA, idproduto, idmesa, quantidade, preco) values (27, '2014-02-27 14:47:08', 3, 4, 15.62, 1.34);
insert into vendaencerrada (ordemVenda, dataA, idproduto, idmesa, quantidade, preco) values (27, '2014-06-03 16:12:51', 1, 1, 9.76, 17);
insert into vendaencerrada (ordemVenda, dataA, idproduto, idmesa, quantidade, preco) values (27, '2014-06-10 14:21:07', 10, 4, 2.95, 3.34);
insert into vendaencerrada (ordemVenda, dataA, idproduto, idmesa, quantidade, preco) values (27, '2014-08-17 12:52:41', 10, 6, 2.59, 16.56);
insert into vendaencerrada (ordemVenda, dataA, idproduto, idmesa, quantidade, preco) values (28, '2014-08-27 19:51:29', 6, 5, 16.03, 9.42);
insert into vendaencerrada (ordemVenda, dataA, idproduto, idmesa, quantidade, preco) values (28, '2014-01-26 01:25:16', 2, 7, 9.2, 17.23);
insert into vendaencerrada (ordemVenda, dataA, idproduto, idmesa, quantidade, preco) values (28, '2014-07-09 01:14:08', 8, 9, 4.2, 17.21);
insert into vendaencerrada (ordemVenda, dataA, idproduto, idmesa, quantidade, preco) values (28, '2014-09-24 20:09:43', 7, 8, 12.53, 17.7);
insert into vendaencerrada (ordemVenda, dataA, idproduto, idmesa, quantidade, preco) values (28, '2014-05-15 08:21:11', 7, 6, 7.24, 8.89);
insert into vendaencerrada (ordemVenda, dataA, idproduto, idmesa, quantidade, preco) values (28, '2014-01-31 09:49:15', 3, 1, 18.4, 19.48);
insert into vendaencerrada (ordemVenda, dataA, idproduto, idmesa, quantidade, preco) values (28, '2013-12-27 08:01:32', 4, 9, 18.37, 12.75);
insert into vendaencerrada (ordemVenda, dataA, idproduto, idmesa, quantidade, preco) values (29, '2014-05-30 02:21:38', 4, 6, 5.46, 10.05);
insert into vendaencerrada (ordemVenda, dataA, idproduto, idmesa, quantidade, preco) values (29, '2014-04-03 06:53:45', 5, 9, 1.52, 1.24);
insert into vendaencerrada (ordemVenda, dataA, idproduto, idmesa, quantidade, preco) values (29, '2014-03-29 00:46:50', 4, 3, 13.06, 6.64);
insert into vendaencerrada (ordemVenda, dataA, idproduto, idmesa, quantidade, preco) values (29, '2014-09-28 07:04:49', 8, 8, 19.55, 18.26);
insert into vendaencerrada (ordemVenda, dataA, idproduto, idmesa, quantidade, preco) values (29, '2014-01-10 15:47:45', 4, 8, 19.79, 15.16);
insert into vendaencerrada (ordemVenda, dataA, idproduto, idmesa, quantidade, preco) values (29, '2014-01-02 12:22:22', 7, 4, 6.52, 2.6);
insert into vendaencerrada (ordemVenda, dataA, idproduto, idmesa, quantidade, preco) values (29, '2013-12-05 07:49:39', 5, 10, 17.35, 11.08);
insert into vendaencerrada (ordemVenda, dataA, idproduto, idmesa, quantidade, preco) values (29, '2014-08-14 10:23:49', 10, 2, 17.33, 16.61);
insert into vendaencerrada (ordemVenda, dataA, idproduto, idmesa, quantidade, preco) values (30, '2014-04-26 23:55:03', 7, 2, 9.58, 13.81);
insert into vendaencerrada (ordemVenda, dataA, idproduto, idmesa, quantidade, preco) values (30, '2014-06-06 09:37:32', 5, 1, 18.28, 5.25);
insert into vendaencerrada (ordemVenda, dataA, idproduto, idmesa, quantidade, preco) values (30, '2014-05-01 09:37:57', 9, 1, 1.75, 17.27);
insert into vendaencerrada (ordemVenda, dataA, idproduto, idmesa, quantidade, preco) values (30, '2014-05-24 08:26:39', 10, 9, 5.51, 13.35);
insert into vendaencerrada (ordemVenda, dataA, idproduto, idmesa, quantidade, preco) values (30, '2014-11-07 02:12:26', 4, 3, 2.28, 14.89);
insert into vendaencerrada (ordemVenda, dataA, idproduto, idmesa, quantidade, preco) values (30, '2014-05-28 08:06:30', 2, 6, 4.97, 19.42);
insert into vendaencerrada (ordemVenda, dataA, idproduto, idmesa, quantidade, preco) values (30, '2014-01-12 23:41:09', 10, 8, 14.1, 5.41);
insert into vendaencerrada (ordemVenda, dataA, idproduto, idmesa, quantidade, preco) values (30, '2014-08-01 11:48:13', 7, 9, 5.63, 13.04);
insert into vendaencerrada (ordemVenda, dataA, idproduto, idmesa, quantidade, preco) values (30, '2014-06-18 03:21:01', 2, 5, 12.29, 11.88);
insert into vendaencerrada (ordemVenda, dataA, idproduto, idmesa, quantidade, preco) values (30, '2014-04-10 06:39:29', 1, 2, 15.45, 12.68);
insert into vendaencerrada (ordemVenda, dataA, idproduto, idmesa, quantidade, preco) values (30, '2014-04-22 12:24:31', 10, 5, 19.25, 12.86);
insert into vendaencerrada (ordemVenda, dataA, idproduto, idmesa, quantidade, preco) values (30, '2014-03-02 08:43:32', 9, 2, 19.84, 11.15);
insert into vendaencerrada (ordemVenda, dataA, idproduto, idmesa, quantidade, preco) values (31, '2014-10-03 17:45:18', 8, 1, 19.72, 10.77);
insert into vendaencerrada (ordemVenda, dataA, idproduto, idmesa, quantidade, preco) values (31, '2014-06-21 03:38:00', 7, 7, 6.49, 7.77);
insert into vendaencerrada (ordemVenda, dataA, idproduto, idmesa, quantidade, preco) values (31, '2014-04-30 09:42:07', 5, 7, 1.37, 19.31);
insert into vendaencerrada (ordemVenda, dataA, idproduto, idmesa, quantidade, preco) values (31, '2013-12-14 03:43:09', 8, 6, 12.89, 5.9);
insert into vendaencerrada (ordemVenda, dataA, idproduto, idmesa, quantidade, preco) values (31, '2014-05-14 02:55:04', 8, 2, 11.55, 12.01);
insert into vendaencerrada (ordemVenda, dataA, idproduto, idmesa, quantidade, preco) values (31, '2014-08-24 16:16:52', 2, 9, 19.54, 13.15);
insert into vendaencerrada (ordemVenda, dataA, idproduto, idmesa, quantidade, preco) values (31, '2014-02-21 05:51:53', 3, 7, 11.81, 10.74);
insert into vendaencerrada (ordemVenda, dataA, idproduto, idmesa, quantidade, preco) values (31, '2014-02-04 03:42:57', 8, 9, 1.69, 1.03);
insert into vendaencerrada (ordemVenda, dataA, idproduto, idmesa, quantidade, preco) values (32, '2014-10-13 10:28:44', 10, 1, 9.73, 8.42);
insert into vendaencerrada (ordemVenda, dataA, idproduto, idmesa, quantidade, preco) values (32, '2014-02-14 04:42:07', 5, 7, 6.72, 6.18);
insert into vendaencerrada (ordemVenda, dataA, idproduto, idmesa, quantidade, preco) values (32, '2014-07-05 10:07:43', 3, 3, 4.5, 6.67);
insert into vendaencerrada (ordemVenda, dataA, idproduto, idmesa, quantidade, preco) values (32, '2014-11-17 01:05:57', 10, 6, 10.69, 19.28);
insert into vendaencerrada (ordemVenda, dataA, idproduto, idmesa, quantidade, preco) values (32, '2013-11-28 09:53:52', 3, 9, 12.21, 10.24);
insert into vendaencerrada (ordemVenda, dataA, idproduto, idmesa, quantidade, preco) values (32, '2014-09-13 03:49:06', 8, 5, 3.04, 5.57);
insert into vendaencerrada (ordemVenda, dataA, idproduto, idmesa, quantidade, preco) values (32, '2014-04-23 02:18:29', 2, 4, 5.25, 11.09);
insert into vendaencerrada (ordemVenda, dataA, idproduto, idmesa, quantidade, preco) values (32, '2014-09-05 19:25:23', 1, 1, 6.13, 3.1);
insert into vendaencerrada (ordemVenda, dataA, idproduto, idmesa, quantidade, preco) values (32, '2013-12-28 12:32:07', 10, 2, 12.41, 11.47);
insert into vendaencerrada (ordemVenda, dataA, idproduto, idmesa, quantidade, preco) values (32, '2014-11-23 14:32:54', 2, 4, 11.76, 4.17);
insert into vendaencerrada (ordemVenda, dataA, idproduto, idmesa, quantidade, preco) values (33, '2014-09-21 19:17:43', 1, 10, 7.99, 2.94);
insert into vendaencerrada (ordemVenda, dataA, idproduto, idmesa, quantidade, preco) values (33, '2014-01-30 10:22:28', 1, 10, 16.43, 14.66);
insert into vendaencerrada (ordemVenda, dataA, idproduto, idmesa, quantidade, preco) values (33, '2014-03-25 17:01:19', 6, 7, 3.28, 9.67);
insert into vendaencerrada (ordemVenda, dataA, idproduto, idmesa, quantidade, preco) values (33, '2014-09-27 06:06:56', 6, 7, 15.87, 2.47);
insert into vendaencerrada (ordemVenda, dataA, idproduto, idmesa, quantidade, preco) values (33, '2014-11-27 02:13:56', 5, 1, 7.75, 15.06);
insert into vendaencerrada (ordemVenda, dataA, idproduto, idmesa, quantidade, preco) values (33, '2014-10-24 06:17:20', 4, 7, 8.36, 8.31);
insert into vendaencerrada (ordemVenda, dataA, idproduto, idmesa, quantidade, preco) values (33, '2014-07-30 12:34:17', 6, 4, 5.8, 3.76);
insert into vendaencerrada (ordemVenda, dataA, idproduto, idmesa, quantidade, preco) values (33, '2014-02-02 07:34:22', 5, 3, 4.47, 11.89);
insert into vendaencerrada (ordemVenda, dataA, idproduto, idmesa, quantidade, preco) values (33, '2014-09-17 16:45:43', 8, 6, 14.2, 9.66);
insert into vendaencerrada (ordemVenda, dataA, idproduto, idmesa, quantidade, preco) values (33, '2014-03-08 00:35:40', 5, 8, 18.31, 17.39);
insert into vendaencerrada (ordemVenda, dataA, idproduto, idmesa, quantidade, preco) values (33, '2014-11-17 17:09:47', 5, 6, 16.42, 19.04);
insert into vendaencerrada (ordemVenda, dataA, idproduto, idmesa, quantidade, preco) values (33, '2014-02-04 20:44:20', 5, 2, 10.48, 5.87);
insert into vendaencerrada (ordemVenda, dataA, idproduto, idmesa, quantidade, preco) values (33, '2014-11-02 05:53:31', 6, 1, 13.47, 5.91);
insert into vendaencerrada (ordemVenda, dataA, idproduto, idmesa, quantidade, preco) values (33, '2014-06-04 22:13:08', 6, 9, 3.44, 18.29);
insert into vendaencerrada (ordemVenda, dataA, idproduto, idmesa, quantidade, preco) values (33, '2014-01-16 03:15:47', 7, 8, 7.49, 13.84);
insert into vendaencerrada (ordemVenda, dataA, idproduto, idmesa, quantidade, preco) values (33, '2014-06-12 08:13:39', 7, 7, 7.02, 4.03);
insert into vendaencerrada (ordemVenda, dataA, idproduto, idmesa, quantidade, preco) values (34, '2014-04-22 23:55:23', 1, 7, 3.95, 19.14);
insert into vendaencerrada (ordemVenda, dataA, idproduto, idmesa, quantidade, preco) values (34, '2014-01-03 11:17:06', 9, 8, 6.14, 9.09);
insert into vendaencerrada (ordemVenda, dataA, idproduto, idmesa, quantidade, preco) values (34, '2014-09-01 00:18:45', 4, 5, 19.42, 1.87);
insert into vendaencerrada (ordemVenda, dataA, idproduto, idmesa, quantidade, preco) values (34, '2014-03-09 09:13:42', 7, 5, 8.69, 6.42);
insert into vendaencerrada (ordemVenda, dataA, idproduto, idmesa, quantidade, preco) values (34, '2014-08-04 03:43:10', 8, 3, 8.5, 17.99);
insert into vendaencerrada (ordemVenda, dataA, idproduto, idmesa, quantidade, preco) values (34, '2014-01-08 16:24:15', 9, 5, 16.34, 17.25);
insert into vendaencerrada (ordemVenda, dataA, idproduto, idmesa, quantidade, preco) values (34, '2014-09-27 09:10:59', 6, 8, 18.02, 13.78);
insert into vendaencerrada (ordemVenda, dataA, idproduto, idmesa, quantidade, preco) values (35, '2014-01-30 07:43:34', 9, 5, 1.67, 1.97);
insert into vendaencerrada (ordemVenda, dataA, idproduto, idmesa, quantidade, preco) values (35, '2014-01-19 04:16:49', 6, 10, 2.61, 1.1);
insert into vendaencerrada (ordemVenda, dataA, idproduto, idmesa, quantidade, preco) values (35, '2014-05-12 13:52:37', 5, 3, 5.88, 15.13);
insert into vendaencerrada (ordemVenda, dataA, idproduto, idmesa, quantidade, preco) values (35, '2014-05-29 05:48:47', 6, 5, 14.91, 19.97);
insert into vendaencerrada (ordemVenda, dataA, idproduto, idmesa, quantidade, preco) values (35, '2014-04-12 12:24:17', 8, 6, 12.43, 6);
insert into vendaencerrada (ordemVenda, dataA, idproduto, idmesa, quantidade, preco) values (35, '2014-06-13 14:26:43', 9, 1, 3.05, 19.87);
insert into vendaencerrada (ordemVenda, dataA, idproduto, idmesa, quantidade, preco) values (35, '2014-05-15 19:05:35', 4, 5, 11.31, 15.91);
insert into vendaencerrada (ordemVenda, dataA, idproduto, idmesa, quantidade, preco) values (35, '2013-12-26 04:53:44', 3, 6, 9.18, 1.05);
insert into vendaencerrada (ordemVenda, dataA, idproduto, idmesa, quantidade, preco) values (35, '2014-10-31 12:07:48', 5, 5, 13.12, 14.55);
insert into vendaencerrada (ordemVenda, dataA, idproduto, idmesa, quantidade, preco) values (35, '2014-09-18 05:42:13', 8, 3, 7.05, 11.5);
insert into vendaencerrada (ordemVenda, dataA, idproduto, idmesa, quantidade, preco) values (36, '2014-07-22 15:29:55', 3, 9, 4.2, 3.74);
insert into vendaencerrada (ordemVenda, dataA, idproduto, idmesa, quantidade, preco) values (36, '2014-10-25 00:06:11', 4, 4, 3.34, 13.53);
insert into vendaencerrada (ordemVenda, dataA, idproduto, idmesa, quantidade, preco) values (36, '2014-10-14 21:47:01', 1, 5, 10.77, 17.13);
insert into vendaencerrada (ordemVenda, dataA, idproduto, idmesa, quantidade, preco) values (36, '2014-07-19 14:14:07', 10, 6, 13.4, 12.48);
insert into vendaencerrada (ordemVenda, dataA, idproduto, idmesa, quantidade, preco) values (36, '2014-08-12 16:09:43', 9, 8, 11.67, 19.14);
insert into vendaencerrada (ordemVenda, dataA, idproduto, idmesa, quantidade, preco) values (36, '2014-08-17 18:52:50', 10, 3, 13.73, 4.42);
insert into vendaencerrada (ordemVenda, dataA, idproduto, idmesa, quantidade, preco) values (36, '2014-02-14 02:35:25', 3, 9, 19.94, 14.49);
insert into vendaencerrada (ordemVenda, dataA, idproduto, idmesa, quantidade, preco) values (37, '2014-01-21 06:36:06', 10, 7, 7.68, 1.02);
insert into vendaencerrada (ordemVenda, dataA, idproduto, idmesa, quantidade, preco) values (37, '2014-07-02 05:37:26', 6, 2, 3.48, 7.75);
insert into vendaencerrada (ordemVenda, dataA, idproduto, idmesa, quantidade, preco) values (37, '2014-05-14 20:02:55', 6, 1, 17.35, 8.78);
insert into vendaencerrada (ordemVenda, dataA, idproduto, idmesa, quantidade, preco) values (37, '2014-09-08 19:02:38', 5, 3, 5.59, 10.14);
insert into vendaencerrada (ordemVenda, dataA, idproduto, idmesa, quantidade, preco) values (37, '2014-11-06 15:10:53', 6, 5, 2.59, 18.62);
insert into vendaencerrada (ordemVenda, dataA, idproduto, idmesa, quantidade, preco) values (37, '2014-05-19 12:06:08', 3, 9, 14.04, 2.52);
insert into vendaencerrada (ordemVenda, dataA, idproduto, idmesa, quantidade, preco) values (37, '2014-03-28 22:32:21', 1, 4, 4.04, 6.32);
insert into vendaencerrada (ordemVenda, dataA, idproduto, idmesa, quantidade, preco) values (37, '2014-08-30 23:43:32', 2, 4, 15.02, 2.31);
insert into vendaencerrada (ordemVenda, dataA, idproduto, idmesa, quantidade, preco) values (37, '2014-02-01 05:36:06', 6, 2, 3.44, 15.73);
insert into vendaencerrada (ordemVenda, dataA, idproduto, idmesa, quantidade, preco) values (38, '2014-04-16 00:13:01', 6, 8, 7.52, 13.24);
insert into vendaencerrada (ordemVenda, dataA, idproduto, idmesa, quantidade, preco) values (38, '2014-01-30 10:46:23', 7, 8, 19.04, 13.89);
insert into vendaencerrada (ordemVenda, dataA, idproduto, idmesa, quantidade, preco) values (38, '2014-02-10 23:56:11', 1, 5, 14.14, 2.13);
insert into vendaencerrada (ordemVenda, dataA, idproduto, idmesa, quantidade, preco) values (38, '2014-09-24 11:09:56', 5, 1, 9.9, 16.11);
insert into vendaencerrada (ordemVenda, dataA, idproduto, idmesa, quantidade, preco) values (38, '2014-03-06 07:25:39', 3, 1, 15.03, 8.63);
insert into vendaencerrada (ordemVenda, dataA, idproduto, idmesa, quantidade, preco) values (38, '2014-07-06 00:40:16', 7, 7, 1.6, 18.47);
insert into vendaencerrada (ordemVenda, dataA, idproduto, idmesa, quantidade, preco) values (38, '2014-03-21 03:25:59', 10, 4, 9.17, 8.92);
insert into vendaencerrada (ordemVenda, dataA, idproduto, idmesa, quantidade, preco) values (39, '2014-06-26 05:32:57', 10, 4, 10.75, 19.21);
insert into vendaencerrada (ordemVenda, dataA, idproduto, idmesa, quantidade, preco) values (39, '2014-09-15 14:50:05', 1, 4, 11.01, 15.55);
insert into vendaencerrada (ordemVenda, dataA, idproduto, idmesa, quantidade, preco) values (39, '2014-08-11 08:12:29', 6, 1, 4.36, 7.92);
insert into vendaencerrada (ordemVenda, dataA, idproduto, idmesa, quantidade, preco) values (39, '2014-09-24 07:26:53', 7, 3, 15.62, 5.97);
insert into vendaencerrada (ordemVenda, dataA, idproduto, idmesa, quantidade, preco) values (39, '2014-04-25 08:07:03', 8, 9, 16.35, 2.46);
insert into vendaencerrada (ordemVenda, dataA, idproduto, idmesa, quantidade, preco) values (39, '2014-11-12 12:19:35', 8, 2, 11.18, 2.25);
insert into vendaencerrada (ordemVenda, dataA, idproduto, idmesa, quantidade, preco) values (39, '2013-12-14 14:08:43', 8, 8, 19.14, 7.47);
insert into vendaencerrada (ordemVenda, dataA, idproduto, idmesa, quantidade, preco) values (39, '2014-04-12 10:30:06', 10, 7, 5.04, 4.55);
insert into vendaencerrada (ordemVenda, dataA, idproduto, idmesa, quantidade, preco) values (39, '2014-10-28 06:17:35', 4, 1, 14.78, 13.57);
insert into vendaencerrada (ordemVenda, dataA, idproduto, idmesa, quantidade, preco) values (39, '2014-05-21 23:59:00', 7, 8, 8.73, 4.68);
insert into vendaencerrada (ordemVenda, dataA, idproduto, idmesa, quantidade, preco) values (39, '2014-02-11 01:57:04', 4, 8, 10.68, 18.85);
insert into vendaencerrada (ordemVenda, dataA, idproduto, idmesa, quantidade, preco) values (39, '2014-02-27 20:38:00', 2, 4, 13.38, 15.32);
insert into vendaencerrada (ordemVenda, dataA, idproduto, idmesa, quantidade, preco) values (40, '2014-03-25 09:51:11', 1, 4, 8.93, 6.52);
insert into vendaencerrada (ordemVenda, dataA, idproduto, idmesa, quantidade, preco) values (40, '2014-05-21 06:08:56', 9, 5, 15.66, 19.29);
insert into vendaencerrada (ordemVenda, dataA, idproduto, idmesa, quantidade, preco) values (40, '2014-07-08 05:46:53', 5, 8, 13.16, 9.45);
insert into vendaencerrada (ordemVenda, dataA, idproduto, idmesa, quantidade, preco) values (40, '2014-06-30 18:46:24', 8, 9, 15.08, 6.53);
insert into vendaencerrada (ordemVenda, dataA, idproduto, idmesa, quantidade, preco) values (40, '2013-12-12 01:56:57', 1, 3, 4.85, 18.34);
insert into vendaencerrada (ordemVenda, dataA, idproduto, idmesa, quantidade, preco) values (40, '2014-10-06 02:05:21', 7, 4, 7.56, 13.85);
insert into vendaencerrada (ordemVenda, dataA, idproduto, idmesa, quantidade, preco) values (40, '2014-01-08 19:22:21', 3, 2, 17.88, 2.79);
insert into vendaencerrada (ordemVenda, dataA, idproduto, idmesa, quantidade, preco) values (40, '2014-10-25 00:51:23', 3, 7, 7.83, 10.84);
insert into vendaencerrada (ordemVenda, dataA, idproduto, idmesa, quantidade, preco) values (40, '2014-11-15 18:37:19', 4, 6, 18.97, 11.05);
insert into vendaencerrada (ordemVenda, dataA, idproduto, idmesa, quantidade, preco) values (40, '2014-07-31 23:21:03', 7, 8, 7.46, 3.71);
insert into vendaencerrada (ordemVenda, dataA, idproduto, idmesa, quantidade, preco) values (40, '2013-12-22 05:22:37', 4, 3, 9.42, 14.03);
insert into vendaencerrada (ordemVenda, dataA, idproduto, idmesa, quantidade, preco) values (40, '2014-04-20 16:01:56', 3, 5, 14.15, 3.87);
insert into vendaencerrada (ordemVenda, dataA, idproduto, idmesa, quantidade, preco) values (40, '2014-02-27 20:52:04', 5, 9, 19.47, 18.51);
insert into vendaencerrada (ordemVenda, dataA, idproduto, idmesa, quantidade, preco) values (41, '2014-11-04 04:03:03', 10, 8, 5.54, 7.39);
insert into vendaencerrada (ordemVenda, dataA, idproduto, idmesa, quantidade, preco) values (41, '2014-09-06 18:06:48', 7, 5, 3.95, 18.68);
insert into vendaencerrada (ordemVenda, dataA, idproduto, idmesa, quantidade, preco) values (41, '2014-08-11 16:01:50', 9, 1, 18.04, 5.43);
insert into vendaencerrada (ordemVenda, dataA, idproduto, idmesa, quantidade, preco) values (41, '2014-03-26 17:27:44', 5, 1, 5.45, 3.17);
insert into vendaencerrada (ordemVenda, dataA, idproduto, idmesa, quantidade, preco) values (41, '2014-08-15 22:43:36', 4, 3, 19.9, 19.85);
insert into vendaencerrada (ordemVenda, dataA, idproduto, idmesa, quantidade, preco) values (41, '2014-07-06 01:15:18', 7, 2, 16.22, 10.52);
insert into vendaencerrada (ordemVenda, dataA, idproduto, idmesa, quantidade, preco) values (41, '2014-04-02 12:39:07', 10, 1, 1.31, 2.37);
insert into vendaencerrada (ordemVenda, dataA, idproduto, idmesa, quantidade, preco) values (41, '2014-01-10 20:34:31', 9, 4, 11.75, 8.85);
insert into vendaencerrada (ordemVenda, dataA, idproduto, idmesa, quantidade, preco) values (41, '2014-04-25 08:44:50', 10, 10, 11.95, 8.01);
insert into vendaencerrada (ordemVenda, dataA, idproduto, idmesa, quantidade, preco) values (41, '2014-07-06 06:20:08', 2, 1, 14.53, 19.11);
insert into vendaencerrada (ordemVenda, dataA, idproduto, idmesa, quantidade, preco) values (41, '2014-09-03 18:57:29', 10, 3, 14.02, 12.39);
insert into vendaencerrada (ordemVenda, dataA, idproduto, idmesa, quantidade, preco) values (41, '2014-11-15 09:25:14', 1, 3, 12.48, 15.53);
insert into vendaencerrada (ordemVenda, dataA, idproduto, idmesa, quantidade, preco) values (42, '2014-09-29 13:41:17', 7, 1, 16.57, 15.43);
insert into vendaencerrada (ordemVenda, dataA, idproduto, idmesa, quantidade, preco) values (42, '2014-09-20 22:18:12', 1, 9, 1.23, 11.96);
insert into vendaencerrada (ordemVenda, dataA, idproduto, idmesa, quantidade, preco) values (42, '2013-12-15 18:24:53', 8, 4, 4.71, 17.51);
insert into vendaencerrada (ordemVenda, dataA, idproduto, idmesa, quantidade, preco) values (42, '2014-11-05 03:42:21', 3, 8, 16.41, 6.73);
insert into vendaencerrada (ordemVenda, dataA, idproduto, idmesa, quantidade, preco) values (42, '2014-02-07 09:31:50', 7, 9, 6.03, 1.74);
insert into vendaencerrada (ordemVenda, dataA, idproduto, idmesa, quantidade, preco) values (42, '2014-09-11 23:18:35', 5, 4, 14.21, 19.57);
insert into vendaencerrada (ordemVenda, dataA, idproduto, idmesa, quantidade, preco) values (42, '2013-12-26 02:17:00', 1, 6, 10.28, 8.75);
insert into vendaencerrada (ordemVenda, dataA, idproduto, idmesa, quantidade, preco) values (42, '2014-03-15 22:41:40', 3, 3, 19.51, 9.65);
insert into vendaencerrada (ordemVenda, dataA, idproduto, idmesa, quantidade, preco) values (42, '2014-01-22 10:12:33', 2, 1, 7.02, 3);
insert into vendaencerrada (ordemVenda, dataA, idproduto, idmesa, quantidade, preco) values (43, '2014-09-02 21:57:26', 7, 10, 17.86, 15.19);
insert into vendaencerrada (ordemVenda, dataA, idproduto, idmesa, quantidade, preco) values (43, '2014-08-11 01:15:46', 8, 2, 16.47, 12.43);
insert into vendaencerrada (ordemVenda, dataA, idproduto, idmesa, quantidade, preco) values (43, '2014-07-17 23:02:17', 3, 10, 12.21, 18.21);
insert into vendaencerrada (ordemVenda, dataA, idproduto, idmesa, quantidade, preco) values (43, '2014-10-06 19:41:49', 7, 1, 9.87, 10.92);
insert into vendaencerrada (ordemVenda, dataA, idproduto, idmesa, quantidade, preco) values (43, '2014-11-14 15:27:41', 10, 5, 5.8, 13.73);
insert into vendaencerrada (ordemVenda, dataA, idproduto, idmesa, quantidade, preco) values (43, '2013-12-07 22:45:42', 4, 1, 19.05, 11.07);
insert into vendaencerrada (ordemVenda, dataA, idproduto, idmesa, quantidade, preco) values (44, '2014-11-19 13:24:49', 3, 4, 2.61, 11.14);
insert into vendaencerrada (ordemVenda, dataA, idproduto, idmesa, quantidade, preco) values (44, '2014-01-13 20:27:25', 8, 2, 19.91, 15.31);
insert into vendaencerrada (ordemVenda, dataA, idproduto, idmesa, quantidade, preco) values (44, '2014-02-02 01:28:02', 3, 3, 10.92, 17.09);
insert into vendaencerrada (ordemVenda, dataA, idproduto, idmesa, quantidade, preco) values (44, '2014-02-01 14:20:17', 10, 6, 7.97, 11.85);
insert into vendaencerrada (ordemVenda, dataA, idproduto, idmesa, quantidade, preco) values (44, '2014-09-01 23:40:27', 3, 1, 12.45, 5.52);
insert into vendaencerrada (ordemVenda, dataA, idproduto, idmesa, quantidade, preco) values (45, '2014-09-28 18:53:28', 10, 6, 19.92, 1.13);
insert into vendaencerrada (ordemVenda, dataA, idproduto, idmesa, quantidade, preco) values (45, '2014-11-22 21:32:56', 6, 1, 3.78, 13.71);
insert into vendaencerrada (ordemVenda, dataA, idproduto, idmesa, quantidade, preco) values (45, '2014-01-26 03:36:29', 7, 9, 3.98, 3.54);
insert into vendaencerrada (ordemVenda, dataA, idproduto, idmesa, quantidade, preco) values (45, '2014-08-16 10:25:34', 1, 7, 4.04, 2.08);
insert into vendaencerrada (ordemVenda, dataA, idproduto, idmesa, quantidade, preco) values (45, '2014-06-02 19:56:54', 6, 1, 13.86, 5.31);
insert into vendaencerrada (ordemVenda, dataA, idproduto, idmesa, quantidade, preco) values (45, '2014-06-26 01:21:11', 4, 9, 18.48, 18.37);
insert into vendaencerrada (ordemVenda, dataA, idproduto, idmesa, quantidade, preco) values (45, '2014-02-08 04:38:05', 7, 1, 10.01, 10.92);
insert into vendaencerrada (ordemVenda, dataA, idproduto, idmesa, quantidade, preco) values (45, '2013-12-13 05:54:00', 2, 7, 8.71, 9.11);
insert into vendaencerrada (ordemVenda, dataA, idproduto, idmesa, quantidade, preco) values (45, '2014-02-16 12:12:32', 1, 2, 6.1, 2.17);
insert into vendaencerrada (ordemVenda, dataA, idproduto, idmesa, quantidade, preco) values (45, '2014-02-25 21:49:17', 5, 3, 18.44, 13.01);
insert into vendaencerrada (ordemVenda, dataA, idproduto, idmesa, quantidade, preco) values (45, '2014-02-10 21:04:03', 1, 2, 7.69, 15.86);
insert into vendaencerrada (ordemVenda, dataA, idproduto, idmesa, quantidade, preco) values (46, '2014-01-03 03:36:13', 5, 8, 15.64, 18.87);
insert into vendaencerrada (ordemVenda, dataA, idproduto, idmesa, quantidade, preco) values (46, '2014-08-12 01:23:48', 3, 4, 9.29, 16.16);
insert into vendaencerrada (ordemVenda, dataA, idproduto, idmesa, quantidade, preco) values (46, '2013-12-10 05:56:27', 7, 4, 3.11, 1.52);
insert into vendaencerrada (ordemVenda, dataA, idproduto, idmesa, quantidade, preco) values (46, '2014-02-04 06:38:45', 9, 4, 12.98, 5.27);
insert into vendaencerrada (ordemVenda, dataA, idproduto, idmesa, quantidade, preco) values (46, '2014-07-27 02:51:22', 9, 4, 15.4, 1.16);
insert into vendaencerrada (ordemVenda, dataA, idproduto, idmesa, quantidade, preco) values (46, '2014-09-04 08:35:17', 10, 7, 6.61, 5.75);
insert into vendaencerrada (ordemVenda, dataA, idproduto, idmesa, quantidade, preco) values (46, '2014-05-17 23:12:45', 5, 4, 11.59, 11.67);
insert into vendaencerrada (ordemVenda, dataA, idproduto, idmesa, quantidade, preco) values (46, '2014-03-19 11:36:37', 9, 7, 9.92, 2.91);
insert into vendaencerrada (ordemVenda, dataA, idproduto, idmesa, quantidade, preco) values (46, '2014-05-17 06:49:25', 9, 10, 11.72, 16.91);
insert into vendaencerrada (ordemVenda, dataA, idproduto, idmesa, quantidade, preco) values (46, '2013-12-10 12:12:38', 9, 6, 12.79, 7.47);
insert into vendaencerrada (ordemVenda, dataA, idproduto, idmesa, quantidade, preco) values (46, '2014-03-04 02:33:43', 6, 10, 10.22, 2.29);
insert into vendaencerrada (ordemVenda, dataA, idproduto, idmesa, quantidade, preco) values (47, '2014-07-16 09:47:12', 4, 2, 6.88, 15.74);
insert into vendaencerrada (ordemVenda, dataA, idproduto, idmesa, quantidade, preco) values (47, '2014-05-24 14:20:24', 3, 10, 13.96, 15.44);
insert into vendaencerrada (ordemVenda, dataA, idproduto, idmesa, quantidade, preco) values (47, '2014-02-03 21:11:05', 1, 7, 2.19, 9.23);
insert into vendaencerrada (ordemVenda, dataA, idproduto, idmesa, quantidade, preco) values (47, '2014-01-29 07:34:43', 9, 1, 14.72, 18.21);
insert into vendaencerrada (ordemVenda, dataA, idproduto, idmesa, quantidade, preco) values (47, '2014-10-01 11:42:08', 7, 1, 8.11, 19.16);
insert into vendaencerrada (ordemVenda, dataA, idproduto, idmesa, quantidade, preco) values (47, '2014-04-21 08:41:15', 5, 10, 14.8, 3.88);
insert into vendaencerrada (ordemVenda, dataA, idproduto, idmesa, quantidade, preco) values (47, '2014-11-21 19:47:38', 9, 4, 6.07, 11.31);
insert into vendaencerrada (ordemVenda, dataA, idproduto, idmesa, quantidade, preco) values (47, '2014-03-29 16:24:31', 3, 6, 10.76, 17.33);
insert into vendaencerrada (ordemVenda, dataA, idproduto, idmesa, quantidade, preco) values (47, '2014-09-14 06:15:56', 4, 8, 4.23, 5.47);
insert into vendaencerrada (ordemVenda, dataA, idproduto, idmesa, quantidade, preco) values (47, '2014-09-09 00:56:48', 7, 1, 3.58, 6.72);
insert into vendaencerrada (ordemVenda, dataA, idproduto, idmesa, quantidade, preco) values (47, '2014-01-04 08:30:41', 3, 9, 2.12, 15.9);
insert into vendaencerrada (ordemVenda, dataA, idproduto, idmesa, quantidade, preco) values (48, '2013-12-23 14:10:50', 10, 10, 12.33, 14.27);
insert into vendaencerrada (ordemVenda, dataA, idproduto, idmesa, quantidade, preco) values (48, '2014-02-09 07:40:41', 8, 3, 9.87, 2.39);
insert into vendaencerrada (ordemVenda, dataA, idproduto, idmesa, quantidade, preco) values (48, '2014-02-26 05:21:37', 6, 7, 5.26, 6.19);
insert into vendaencerrada (ordemVenda, dataA, idproduto, idmesa, quantidade, preco) values (48, '2014-11-11 18:41:39', 8, 4, 8.93, 18.49);
insert into vendaencerrada (ordemVenda, dataA, idproduto, idmesa, quantidade, preco) values (48, '2014-01-14 22:15:53', 4, 3, 5.21, 16.88);
insert into vendaencerrada (ordemVenda, dataA, idproduto, idmesa, quantidade, preco) values (48, '2014-11-08 17:48:38', 8, 4, 3.5, 3.83);
insert into vendaencerrada (ordemVenda, dataA, idproduto, idmesa, quantidade, preco) values (48, '2014-05-23 20:09:51', 6, 4, 16.73, 2.18);
insert into vendaencerrada (ordemVenda, dataA, idproduto, idmesa, quantidade, preco) values (49, '2014-02-24 20:45:48', 9, 6, 13.87, 17.58);
insert into vendaencerrada (ordemVenda, dataA, idproduto, idmesa, quantidade, preco) values (49, '2014-06-28 07:21:27', 7, 3, 5.52, 14.67);
insert into vendaencerrada (ordemVenda, dataA, idproduto, idmesa, quantidade, preco) values (49, '2014-02-06 23:43:58', 3, 7, 1.44, 5.45);
insert into vendaencerrada (ordemVenda, dataA, idproduto, idmesa, quantidade, preco) values (49, '2014-03-29 10:40:33', 6, 8, 5.03, 11.23);
insert into vendaencerrada (ordemVenda, dataA, idproduto, idmesa, quantidade, preco) values (49, '2014-08-22 02:25:30', 6, 5, 14.41, 5.04);
insert into vendaencerrada (ordemVenda, dataA, idproduto, idmesa, quantidade, preco) values (49, '2014-10-23 16:26:05', 1, 3, 9.64, 9.69);
insert into vendaencerrada (ordemVenda, dataA, idproduto, idmesa, quantidade, preco) values (50, '2014-03-04 01:15:10', 2, 3, 19.99, 18.24);
insert into vendaencerrada (ordemVenda, dataA, idproduto, idmesa, quantidade, preco) values (50, '2014-10-12 22:18:01', 8, 6, 1.84, 12.77);
insert into vendaencerrada (ordemVenda, dataA, idproduto, idmesa, quantidade, preco) values (50, '2014-05-28 06:49:19', 6, 1, 1.74, 12.65);
insert into vendaencerrada (ordemVenda, dataA, idproduto, idmesa, quantidade, preco) values (50, '2014-04-03 18:29:08', 5, 9, 6.85, 11.42);
insert into vendaencerrada (ordemVenda, dataA, idproduto, idmesa, quantidade, preco) values (50, '2014-06-04 15:04:05', 2, 2, 1.68, 4.7);
insert into vendaencerrada (ordemVenda, dataA, idproduto, idmesa, quantidade, preco) values (50, '2014-04-16 21:41:57', 7, 10, 2.66, 1.26);
insert into vendaencerrada (ordemVenda, dataA, idproduto, idmesa, quantidade, preco) values (50, '2014-06-27 21:30:42', 1, 10, 18.91, 19.42);
insert into vendaencerrada (ordemVenda, dataA, idproduto, idmesa, quantidade, preco) values (50, '2013-12-28 13:55:19', 5, 7, 4.49, 1.54);
insert into vendaencerrada (ordemVenda, dataA, idproduto, idmesa, quantidade, preco) values (50, '2014-04-02 16:15:35', 9, 5, 5.12, 19.58);
insert into vendaencerrada (ordemVenda, dataA, idproduto, idmesa, quantidade, preco) values (50, '2014-10-05 19:06:00', 5, 2, 12, 14.65);
insert into vendaencerrada (ordemVenda, dataA, idproduto, idmesa, quantidade, preco) values (50, '2014-05-17 18:52:58', 3, 10, 14.95, 11.66);
insert into vendaencerrada (ordemVenda, dataA, idproduto, idmesa, quantidade, preco) values (51, '2013-11-28 20:29:08', 10, 3, 12.4, 17.77);
insert into vendaencerrada (ordemVenda, dataA, idproduto, idmesa, quantidade, preco) values (51, '2014-10-06 07:48:41', 9, 9, 5.19, 1.75);
insert into vendaencerrada (ordemVenda, dataA, idproduto, idmesa, quantidade, preco) values (51, '2014-02-08 07:03:54', 2, 1, 16.46, 18.7);
insert into vendaencerrada (ordemVenda, dataA, idproduto, idmesa, quantidade, preco) values (51, '2014-08-13 13:33:35', 1, 2, 7.26, 1.63);
insert into vendaencerrada (ordemVenda, dataA, idproduto, idmesa, quantidade, preco) values (51, '2014-09-08 07:20:28', 9, 4, 5.08, 6.55);
insert into vendaencerrada (ordemVenda, dataA, idproduto, idmesa, quantidade, preco) values (51, '2013-12-18 20:40:26', 6, 8, 18.21, 16.71);
insert into vendaencerrada (ordemVenda, dataA, idproduto, idmesa, quantidade, preco) values (51, '2014-08-12 23:30:03', 4, 3, 11.68, 8.37);
insert into vendaencerrada (ordemVenda, dataA, idproduto, idmesa, quantidade, preco) values (51, '2014-06-02 11:30:42', 4, 5, 17.6, 17.61);
insert into vendaencerrada (ordemVenda, dataA, idproduto, idmesa, quantidade, preco) values (51, '2014-08-08 01:09:32', 5, 3, 2.25, 9.77);
insert into vendaencerrada (ordemVenda, dataA, idproduto, idmesa, quantidade, preco) values (52, '2013-12-27 20:17:06', 6, 2, 7.64, 18.6);
insert into vendaencerrada (ordemVenda, dataA, idproduto, idmesa, quantidade, preco) values (52, '2014-04-25 20:47:32', 1, 3, 2.07, 15.37);
insert into vendaencerrada (ordemVenda, dataA, idproduto, idmesa, quantidade, preco) values (52, '2014-10-06 02:26:30', 3, 10, 19.95, 13.31);
insert into vendaencerrada (ordemVenda, dataA, idproduto, idmesa, quantidade, preco) values (52, '2014-07-28 12:39:21', 7, 1, 8.08, 4.47);
insert into vendaencerrada (ordemVenda, dataA, idproduto, idmesa, quantidade, preco) values (52, '2014-11-12 23:54:59', 10, 9, 16.69, 6.64);
insert into vendaencerrada (ordemVenda, dataA, idproduto, idmesa, quantidade, preco) values (52, '2014-04-14 08:06:05', 7, 4, 10.19, 9.91);
insert into vendaencerrada (ordemVenda, dataA, idproduto, idmesa, quantidade, preco) values (52, '2014-01-21 00:38:43', 8, 10, 18.69, 10.22);
insert into vendaencerrada (ordemVenda, dataA, idproduto, idmesa, quantidade, preco) values (52, '2014-09-04 18:02:31', 5, 5, 10.43, 3.9);
insert into vendaencerrada (ordemVenda, dataA, idproduto, idmesa, quantidade, preco) values (53, '2014-09-05 09:39:52', 2, 4, 7.83, 3.32);
insert into vendaencerrada (ordemVenda, dataA, idproduto, idmesa, quantidade, preco) values (53, '2014-11-22 18:14:42', 9, 4, 7.94, 16.65);
insert into vendaencerrada (ordemVenda, dataA, idproduto, idmesa, quantidade, preco) values (53, '2014-05-16 14:13:02', 2, 1, 16.68, 19.49);
insert into vendaencerrada (ordemVenda, dataA, idproduto, idmesa, quantidade, preco) values (53, '2014-02-13 19:42:09', 4, 1, 13.47, 12.83);
insert into vendaencerrada (ordemVenda, dataA, idproduto, idmesa, quantidade, preco) values (53, '2014-08-14 19:22:55', 6, 5, 1.67, 1.74);
insert into vendaencerrada (ordemVenda, dataA, idproduto, idmesa, quantidade, preco) values (53, '2014-05-26 05:45:12', 8, 3, 3.36, 2.62);
insert into vendaencerrada (ordemVenda, dataA, idproduto, idmesa, quantidade, preco) values (53, '2014-03-08 22:38:43', 3, 10, 2.53, 11.63);
insert into vendaencerrada (ordemVenda, dataA, idproduto, idmesa, quantidade, preco) values (54, '2014-03-20 13:48:19', 6, 2, 15.95, 15.66);
insert into vendaencerrada (ordemVenda, dataA, idproduto, idmesa, quantidade, preco) values (54, '2014-03-25 12:43:33', 9, 3, 15.26, 12.92);
insert into vendaencerrada (ordemVenda, dataA, idproduto, idmesa, quantidade, preco) values (54, '2014-08-09 14:26:54', 6, 4, 11.48, 8.92);
insert into vendaencerrada (ordemVenda, dataA, idproduto, idmesa, quantidade, preco) values (54, '2014-03-21 07:03:05', 9, 5, 1.44, 18.62);
insert into vendaencerrada (ordemVenda, dataA, idproduto, idmesa, quantidade, preco) values (54, '2014-09-12 09:52:03', 6, 4, 13.62, 13.37);
insert into vendaencerrada (ordemVenda, dataA, idproduto, idmesa, quantidade, preco) values (54, '2013-12-18 17:40:20', 10, 4, 6.66, 18.98);
insert into vendaencerrada (ordemVenda, dataA, idproduto, idmesa, quantidade, preco) values (54, '2014-02-01 19:33:17', 3, 9, 12.43, 11.08);
insert into vendaencerrada (ordemVenda, dataA, idproduto, idmesa, quantidade, preco) values (54, '2014-02-20 05:17:55', 7, 9, 5.65, 3.1);
insert into vendaencerrada (ordemVenda, dataA, idproduto, idmesa, quantidade, preco) values (54, '2014-08-06 08:56:37', 1, 10, 1.82, 13.66);
insert into vendaencerrada (ordemVenda, dataA, idproduto, idmesa, quantidade, preco) values (54, '2014-01-19 09:55:03', 7, 8, 9.29, 6.73);
insert into vendaencerrada (ordemVenda, dataA, idproduto, idmesa, quantidade, preco) values (54, '2014-01-31 09:28:10', 9, 6, 7.51, 5.99);
insert into vendaencerrada (ordemVenda, dataA, idproduto, idmesa, quantidade, preco) values (54, '2014-05-30 05:43:31', 8, 1, 7.57, 18.69);
insert into vendaencerrada (ordemVenda, dataA, idproduto, idmesa, quantidade, preco) values (54, '2014-02-22 01:56:04', 6, 4, 13.8, 3.48);
insert into vendaencerrada (ordemVenda, dataA, idproduto, idmesa, quantidade, preco) values (54, '2014-09-09 09:14:10', 7, 8, 10.45, 11.85);
insert into vendaencerrada (ordemVenda, dataA, idproduto, idmesa, quantidade, preco) values (54, '2014-04-10 06:29:44', 5, 2, 19.15, 11.94);
insert into vendaencerrada (ordemVenda, dataA, idproduto, idmesa, quantidade, preco) values (54, '2014-02-14 18:05:51', 3, 3, 17.22, 11.45);
insert into vendaencerrada (ordemVenda, dataA, idproduto, idmesa, quantidade, preco) values (54, '2014-11-18 10:35:41', 1, 4, 6.11, 5.81);
insert into vendaencerrada (ordemVenda, dataA, idproduto, idmesa, quantidade, preco) values (55, '2013-12-24 07:01:06', 4, 10, 19.98, 2.6);
insert into vendaencerrada (ordemVenda, dataA, idproduto, idmesa, quantidade, preco) values (55, '2014-04-08 08:15:35', 10, 2, 1.88, 16.69);
insert into vendaencerrada (ordemVenda, dataA, idproduto, idmesa, quantidade, preco) values (55, '2014-01-28 20:06:19', 7, 6, 3.04, 15.66);
insert into vendaencerrada (ordemVenda, dataA, idproduto, idmesa, quantidade, preco) values (55, '2014-04-28 15:46:18', 8, 9, 5.54, 10.42);
insert into vendaencerrada (ordemVenda, dataA, idproduto, idmesa, quantidade, preco) values (55, '2014-02-23 20:24:44', 3, 2, 9.42, 3.73);
insert into vendaencerrada (ordemVenda, dataA, idproduto, idmesa, quantidade, preco) values (55, '2014-11-09 03:18:19', 10, 10, 3.61, 1.94);
insert into vendaencerrada (ordemVenda, dataA, idproduto, idmesa, quantidade, preco) values (55, '2014-03-06 17:29:30', 1, 4, 4.16, 8.19);
insert into vendaencerrada (ordemVenda, dataA, idproduto, idmesa, quantidade, preco) values (55, '2014-08-02 06:09:50', 8, 8, 17.81, 6.77);
insert into vendaencerrada (ordemVenda, dataA, idproduto, idmesa, quantidade, preco) values (55, '2014-01-28 23:59:01', 5, 6, 4.46, 9.77);
insert into vendaencerrada (ordemVenda, dataA, idproduto, idmesa, quantidade, preco) values (55, '2014-04-29 22:15:31', 10, 7, 1.7, 2.8);
insert into vendaencerrada (ordemVenda, dataA, idproduto, idmesa, quantidade, preco) values (56, '2014-03-01 10:46:15', 9, 9, 16.55, 14.72);
insert into vendaencerrada (ordemVenda, dataA, idproduto, idmesa, quantidade, preco) values (56, '2014-05-24 07:35:34', 3, 5, 17.73, 17.28);
insert into vendaencerrada (ordemVenda, dataA, idproduto, idmesa, quantidade, preco) values (56, '2014-06-18 06:14:16', 5, 4, 12.55, 18.99);
insert into vendaencerrada (ordemVenda, dataA, idproduto, idmesa, quantidade, preco) values (56, '2014-06-11 19:58:22', 6, 1, 5.4, 13.34);
insert into vendaencerrada (ordemVenda, dataA, idproduto, idmesa, quantidade, preco) values (56, '2013-12-26 07:33:50', 8, 8, 1.03, 13.35);
insert into vendaencerrada (ordemVenda, dataA, idproduto, idmesa, quantidade, preco) values (56, '2014-05-16 17:57:36', 1, 9, 19.56, 1.7);
insert into vendaencerrada (ordemVenda, dataA, idproduto, idmesa, quantidade, preco) values (56, '2014-10-10 12:22:04', 7, 1, 2.43, 4.43);
insert into vendaencerrada (ordemVenda, dataA, idproduto, idmesa, quantidade, preco) values (56, '2014-05-06 03:42:44', 8, 1, 16.19, 14.17);
insert into vendaencerrada (ordemVenda, dataA, idproduto, idmesa, quantidade, preco) values (56, '2014-01-27 04:48:43', 1, 7, 11.21, 18.41);
insert into vendaencerrada (ordemVenda, dataA, idproduto, idmesa, quantidade, preco) values (56, '2014-01-05 06:11:47', 5, 8, 5.05, 2.38);
insert into vendaencerrada (ordemVenda, dataA, idproduto, idmesa, quantidade, preco) values (56, '2014-11-12 15:38:02', 9, 1, 1.78, 11.36);
insert into vendaencerrada (ordemVenda, dataA, idproduto, idmesa, quantidade, preco) values (56, '2014-10-05 15:26:41', 8, 2, 13.7, 6.58);
insert into vendaencerrada (ordemVenda, dataA, idproduto, idmesa, quantidade, preco) values (56, '2014-09-05 06:24:56', 10, 6, 13.19, 13.28);
insert into vendaencerrada (ordemVenda, dataA, idproduto, idmesa, quantidade, preco) values (57, '2014-09-22 02:52:35', 5, 6, 13.12, 19.38);
insert into vendaencerrada (ordemVenda, dataA, idproduto, idmesa, quantidade, preco) values (57, '2014-01-31 05:47:37', 2, 7, 9.17, 18.31);
insert into vendaencerrada (ordemVenda, dataA, idproduto, idmesa, quantidade, preco) values (57, '2014-02-08 12:29:26', 1, 6, 7.26, 8.51);
insert into vendaencerrada (ordemVenda, dataA, idproduto, idmesa, quantidade, preco) values (57, '2014-10-06 23:52:49', 10, 8, 6.91, 11.85);
insert into vendaencerrada (ordemVenda, dataA, idproduto, idmesa, quantidade, preco) values (57, '2014-09-26 04:44:10', 9, 10, 16.43, 15.33);
insert into vendaencerrada (ordemVenda, dataA, idproduto, idmesa, quantidade, preco) values (57, '2014-02-16 09:09:28', 3, 6, 6.61, 16.18);
insert into vendaencerrada (ordemVenda, dataA, idproduto, idmesa, quantidade, preco) values (57, '2014-02-11 11:03:32', 6, 9, 17.74, 3.91);
insert into vendaencerrada (ordemVenda, dataA, idproduto, idmesa, quantidade, preco) values (57, '2014-04-30 11:25:11', 6, 4, 8.29, 3.72);
insert into vendaencerrada (ordemVenda, dataA, idproduto, idmesa, quantidade, preco) values (57, '2014-06-03 16:33:29', 1, 4, 2.03, 11.65);
insert into vendaencerrada (ordemVenda, dataA, idproduto, idmesa, quantidade, preco) values (58, '2014-05-09 03:00:06', 6, 3, 11.19, 10.41);
insert into vendaencerrada (ordemVenda, dataA, idproduto, idmesa, quantidade, preco) values (58, '2014-08-05 02:36:12', 1, 4, 7.42, 12.94);
insert into vendaencerrada (ordemVenda, dataA, idproduto, idmesa, quantidade, preco) values (58, '2014-05-23 11:35:10', 6, 3, 14.2, 18.62);
insert into vendaencerrada (ordemVenda, dataA, idproduto, idmesa, quantidade, preco) values (58, '2014-11-24 11:44:56', 7, 8, 2.28, 15.68);
insert into vendaencerrada (ordemVenda, dataA, idproduto, idmesa, quantidade, preco) values (58, '2014-01-09 22:03:00', 5, 9, 13.77, 15.38);
insert into vendaencerrada (ordemVenda, dataA, idproduto, idmesa, quantidade, preco) values (58, '2014-02-15 13:36:25', 8, 7, 7.66, 9.5);
insert into vendaencerrada (ordemVenda, dataA, idproduto, idmesa, quantidade, preco) values (58, '2014-01-01 07:46:59', 8, 4, 6.24, 17.95);
insert into vendaencerrada (ordemVenda, dataA, idproduto, idmesa, quantidade, preco) values (58, '2014-01-25 01:36:38', 3, 4, 11.05, 18.19);
insert into vendaencerrada (ordemVenda, dataA, idproduto, idmesa, quantidade, preco) values (58, '2014-10-01 23:22:45', 9, 3, 18.42, 19.06);
insert into vendaencerrada (ordemVenda, dataA, idproduto, idmesa, quantidade, preco) values (59, '2014-06-10 22:06:52', 7, 2, 5.2, 17.75);
insert into vendaencerrada (ordemVenda, dataA, idproduto, idmesa, quantidade, preco) values (59, '2014-04-15 12:22:32', 6, 7, 5.33, 1.76);
insert into vendaencerrada (ordemVenda, dataA, idproduto, idmesa, quantidade, preco) values (59, '2014-05-04 02:29:33', 6, 9, 19.92, 17.72);
insert into vendaencerrada (ordemVenda, dataA, idproduto, idmesa, quantidade, preco) values (59, '2014-09-19 01:17:29', 8, 4, 9.95, 7.88);
insert into vendaencerrada (ordemVenda, dataA, idproduto, idmesa, quantidade, preco) values (59, '2014-05-03 22:41:28', 7, 7, 3.14, 10.76);
insert into vendaencerrada (ordemVenda, dataA, idproduto, idmesa, quantidade, preco) values (59, '2014-02-03 13:01:59', 10, 4, 5.69, 6.41);
insert into vendaencerrada (ordemVenda, dataA, idproduto, idmesa, quantidade, preco) values (60, '2014-10-29 22:38:25', 8, 8, 17.29, 17.53);
insert into vendaencerrada (ordemVenda, dataA, idproduto, idmesa, quantidade, preco) values (60, '2014-07-09 14:09:04', 4, 6, 12.8, 3.39);
insert into vendaencerrada (ordemVenda, dataA, idproduto, idmesa, quantidade, preco) values (60, '2014-05-21 06:43:18', 7, 3, 13.56, 13.75);
insert into vendaencerrada (ordemVenda, dataA, idproduto, idmesa, quantidade, preco) values (60, '2014-06-25 03:47:46', 6, 8, 6.61, 18.13);
insert into vendaencerrada (ordemVenda, dataA, idproduto, idmesa, quantidade, preco) values (60, '2014-01-01 17:34:10', 6, 4, 15.4, 10.09);
insert into vendaencerrada (ordemVenda, dataA, idproduto, idmesa, quantidade, preco) values (60, '2014-01-07 10:45:34', 7, 7, 12.27, 15.46);
insert into vendaencerrada (ordemVenda, dataA, idproduto, idmesa, quantidade, preco) values (60, '2014-09-04 16:05:07', 9, 8, 8.34, 7.58);
insert into vendaencerrada (ordemVenda, dataA, idproduto, idmesa, quantidade, preco) values (60, '2014-06-01 18:17:10', 8, 9, 13.95, 11.12);
insert into vendaencerrada (ordemVenda, dataA, idproduto, idmesa, quantidade, preco) values (60, '2014-10-07 05:58:13', 4, 3, 8.29, 13.42);
insert into vendaencerrada (ordemVenda, dataA, idproduto, idmesa, quantidade, preco) values (60, '2014-11-25 08:58:15', 7, 6, 14.72, 3.89);
insert into vendaencerrada (ordemVenda, dataA, idproduto, idmesa, quantidade, preco) values (60, '2014-07-03 23:53:41', 9, 5, 2.86, 1.86);
insert into vendaencerrada (ordemVenda, dataA, idproduto, idmesa, quantidade, preco) values (60, '2014-04-09 22:35:17', 8, 10, 7.44, 8.83);
insert into vendaencerrada (ordemVenda, dataA, idproduto, idmesa, quantidade, preco) values (60, '2014-05-05 16:21:55', 2, 9, 18.85, 2.77);
insert into vendaencerrada (ordemVenda, dataA, idproduto, idmesa, quantidade, preco) values (60, '2014-06-11 05:06:35', 5, 4, 1.5, 14.74);
insert into vendaencerrada (ordemVenda, dataA, idproduto, idmesa, quantidade, preco) values (61, '2014-11-20 10:50:15', 5, 1, 2.5, 17.04);
insert into vendaencerrada (ordemVenda, dataA, idproduto, idmesa, quantidade, preco) values (61, '2014-02-17 02:12:09', 7, 7, 15.67, 5.87);
insert into vendaencerrada (ordemVenda, dataA, idproduto, idmesa, quantidade, preco) values (61, '2014-10-17 00:29:42', 4, 1, 12.66, 8.37);
insert into vendaencerrada (ordemVenda, dataA, idproduto, idmesa, quantidade, preco) values (61, '2014-08-12 00:41:09', 5, 6, 17.74, 16.22);
insert into vendaencerrada (ordemVenda, dataA, idproduto, idmesa, quantidade, preco) values (61, '2014-08-22 07:08:53', 6, 9, 2.19, 3.77);
insert into vendaencerrada (ordemVenda, dataA, idproduto, idmesa, quantidade, preco) values (61, '2014-05-19 21:26:39', 10, 7, 6.32, 5.17);
insert into vendaencerrada (ordemVenda, dataA, idproduto, idmesa, quantidade, preco) values (61, '2014-04-13 23:50:48', 9, 9, 3.68, 5.14);
insert into vendaencerrada (ordemVenda, dataA, idproduto, idmesa, quantidade, preco) values (61, '2014-11-25 23:10:44', 7, 1, 14.17, 17.85);
insert into vendaencerrada (ordemVenda, dataA, idproduto, idmesa, quantidade, preco) values (61, '2014-06-12 21:54:21', 1, 1, 12.89, 7.2);
insert into vendaencerrada (ordemVenda, dataA, idproduto, idmesa, quantidade, preco) values (61, '2014-09-11 11:56:54', 8, 10, 8.23, 19.31);
insert into vendaencerrada (ordemVenda, dataA, idproduto, idmesa, quantidade, preco) values (61, '2014-10-11 23:40:26', 3, 7, 3.33, 17.19);
insert into vendaencerrada (ordemVenda, dataA, idproduto, idmesa, quantidade, preco) values (61, '2014-10-08 07:49:40', 10, 3, 8.55, 18.21);
insert into vendaencerrada (ordemVenda, dataA, idproduto, idmesa, quantidade, preco) values (61, '2014-07-13 17:10:04', 1, 4, 3.23, 3.61);
insert into vendaencerrada (ordemVenda, dataA, idproduto, idmesa, quantidade, preco) values (62, '2014-07-16 03:43:49', 7, 5, 3.63, 16.51);
insert into vendaencerrada (ordemVenda, dataA, idproduto, idmesa, quantidade, preco) values (62, '2014-03-02 20:26:38', 10, 5, 7.81, 16.56);
insert into vendaencerrada (ordemVenda, dataA, idproduto, idmesa, quantidade, preco) values (62, '2014-02-16 10:08:28', 1, 2, 18.6, 3.61);
insert into vendaencerrada (ordemVenda, dataA, idproduto, idmesa, quantidade, preco) values (62, '2014-04-15 03:00:45', 3, 3, 10.5, 8.36);
insert into vendaencerrada (ordemVenda, dataA, idproduto, idmesa, quantidade, preco) values (62, '2014-03-17 02:59:52', 5, 10, 9.5, 14.66);
insert into vendaencerrada (ordemVenda, dataA, idproduto, idmesa, quantidade, preco) values (62, '2014-07-27 12:14:48', 3, 7, 2.97, 14.35);
insert into vendaencerrada (ordemVenda, dataA, idproduto, idmesa, quantidade, preco) values (62, '2014-07-29 20:46:11', 9, 9, 8.9, 7.5);
insert into vendaencerrada (ordemVenda, dataA, idproduto, idmesa, quantidade, preco) values (62, '2014-05-15 13:52:32', 8, 7, 11.77, 5.71);
insert into vendaencerrada (ordemVenda, dataA, idproduto, idmesa, quantidade, preco) values (63, '2014-10-02 12:38:07', 3, 1, 9.32, 5.64);
insert into vendaencerrada (ordemVenda, dataA, idproduto, idmesa, quantidade, preco) values (63, '2014-04-20 06:18:27', 4, 10, 12.81, 9.18);
insert into vendaencerrada (ordemVenda, dataA, idproduto, idmesa, quantidade, preco) values (63, '2014-05-20 09:02:46', 6, 10, 15.49, 14.63);
insert into vendaencerrada (ordemVenda, dataA, idproduto, idmesa, quantidade, preco) values (63, '2014-02-08 14:09:36', 1, 4, 6.2, 3.8);
insert into vendaencerrada (ordemVenda, dataA, idproduto, idmesa, quantidade, preco) values (63, '2014-05-02 21:45:46', 2, 8, 17.97, 9.53);
insert into vendaencerrada (ordemVenda, dataA, idproduto, idmesa, quantidade, preco) values (63, '2014-01-29 17:33:11', 4, 9, 10.86, 4.1);
insert into vendaencerrada (ordemVenda, dataA, idproduto, idmesa, quantidade, preco) values (63, '2014-07-22 12:18:14', 10, 7, 14.42, 18.07);
insert into vendaencerrada (ordemVenda, dataA, idproduto, idmesa, quantidade, preco) values (64, '2014-11-21 18:31:26', 1, 3, 14.08, 1.33);
insert into vendaencerrada (ordemVenda, dataA, idproduto, idmesa, quantidade, preco) values (64, '2013-12-19 15:55:59', 5, 1, 19.25, 16.76);
insert into vendaencerrada (ordemVenda, dataA, idproduto, idmesa, quantidade, preco) values (64, '2014-02-04 08:21:33', 9, 9, 6.49, 2.93);
insert into vendaencerrada (ordemVenda, dataA, idproduto, idmesa, quantidade, preco) values (64, '2014-02-26 23:47:02', 2, 8, 11.2, 12.59);
insert into vendaencerrada (ordemVenda, dataA, idproduto, idmesa, quantidade, preco) values (64, '2014-04-24 02:22:34', 8, 8, 6.88, 10.21);
insert into vendaencerrada (ordemVenda, dataA, idproduto, idmesa, quantidade, preco) values (64, '2013-12-09 01:36:25', 1, 3, 11.87, 1.22);
insert into vendaencerrada (ordemVenda, dataA, idproduto, idmesa, quantidade, preco) values (64, '2014-04-06 20:24:38', 4, 9, 10.88, 14.22);
insert into vendaencerrada (ordemVenda, dataA, idproduto, idmesa, quantidade, preco) values (64, '2014-08-27 07:17:37', 2, 4, 5.92, 5.4);
insert into vendaencerrada (ordemVenda, dataA, idproduto, idmesa, quantidade, preco) values (64, '2014-11-16 03:10:24', 4, 7, 1.64, 18.68);
insert into vendaencerrada (ordemVenda, dataA, idproduto, idmesa, quantidade, preco) values (64, '2014-11-15 00:59:51', 7, 7, 18.92, 4.88);
insert into vendaencerrada (ordemVenda, dataA, idproduto, idmesa, quantidade, preco) values (64, '2014-08-31 10:09:05', 5, 5, 19.59, 4.07);
insert into vendaencerrada (ordemVenda, dataA, idproduto, idmesa, quantidade, preco) values (64, '2014-11-16 02:58:09', 2, 7, 18.65, 6.42);
insert into vendaencerrada (ordemVenda, dataA, idproduto, idmesa, quantidade, preco) values (64, '2014-02-28 05:38:04', 7, 9, 19.76, 3.18);
insert into vendaencerrada (ordemVenda, dataA, idproduto, idmesa, quantidade, preco) values (64, '2014-08-23 09:50:42', 1, 9, 18.96, 13.76);
insert into vendaencerrada (ordemVenda, dataA, idproduto, idmesa, quantidade, preco) values (65, '2013-12-15 00:28:32', 9, 9, 8.03, 10.21);
insert into vendaencerrada (ordemVenda, dataA, idproduto, idmesa, quantidade, preco) values (65, '2014-05-08 17:42:42', 8, 10, 2.96, 9.9);
insert into vendaencerrada (ordemVenda, dataA, idproduto, idmesa, quantidade, preco) values (65, '2014-03-31 07:02:22', 9, 1, 8.84, 17.8);
insert into vendaencerrada (ordemVenda, dataA, idproduto, idmesa, quantidade, preco) values (65, '2014-01-05 12:58:19', 10, 3, 9.48, 3.2);
insert into vendaencerrada (ordemVenda, dataA, idproduto, idmesa, quantidade, preco) values (65, '2014-08-08 03:25:15', 6, 1, 14.77, 2.9);
insert into vendaencerrada (ordemVenda, dataA, idproduto, idmesa, quantidade, preco) values (65, '2014-03-16 00:44:12', 2, 5, 3.54, 15.05);
insert into vendaencerrada (ordemVenda, dataA, idproduto, idmesa, quantidade, preco) values (65, '2014-05-09 08:41:00', 1, 8, 7.85, 19.4);
insert into vendaencerrada (ordemVenda, dataA, idproduto, idmesa, quantidade, preco) values (65, '2014-11-05 07:10:04', 8, 2, 2.65, 6.11);
insert into vendaencerrada (ordemVenda, dataA, idproduto, idmesa, quantidade, preco) values (65, '2014-11-01 07:19:57', 6, 6, 17.32, 17.86);
insert into vendaencerrada (ordemVenda, dataA, idproduto, idmesa, quantidade, preco) values (65, '2014-08-28 15:59:26', 10, 2, 17.4, 15.6);
insert into vendaencerrada (ordemVenda, dataA, idproduto, idmesa, quantidade, preco) values (65, '2014-06-19 14:16:03', 4, 4, 15.48, 15.3);
insert into vendaencerrada (ordemVenda, dataA, idproduto, idmesa, quantidade, preco) values (65, '2014-04-17 14:40:10', 6, 8, 8.09, 13.93);
insert into vendaencerrada (ordemVenda, dataA, idproduto, idmesa, quantidade, preco) values (65, '2013-12-29 18:10:23', 6, 1, 1.44, 9.57);
insert into vendaencerrada (ordemVenda, dataA, idproduto, idmesa, quantidade, preco) values (65, '2013-12-23 15:30:01', 4, 6, 5.93, 11.71);
insert into vendaencerrada (ordemVenda, dataA, idproduto, idmesa, quantidade, preco) values (66, '2014-11-19 15:23:50', 9, 1, 18.7, 12.43);
insert into vendaencerrada (ordemVenda, dataA, idproduto, idmesa, quantidade, preco) values (66, '2014-10-04 01:02:58', 5, 7, 4.02, 19.1);
insert into vendaencerrada (ordemVenda, dataA, idproduto, idmesa, quantidade, preco) values (66, '2014-03-14 15:36:35', 5, 2, 8.4, 14.45);
insert into vendaencerrada (ordemVenda, dataA, idproduto, idmesa, quantidade, preco) values (66, '2014-08-05 12:50:47', 2, 6, 13.13, 16.63);
insert into vendaencerrada (ordemVenda, dataA, idproduto, idmesa, quantidade, preco) values (66, '2014-09-20 16:54:18', 1, 9, 11.22, 12.37);
insert into vendaencerrada (ordemVenda, dataA, idproduto, idmesa, quantidade, preco) values (66, '2014-02-07 03:21:47', 9, 2, 10.04, 2.38);
insert into vendaencerrada (ordemVenda, dataA, idproduto, idmesa, quantidade, preco) values (66, '2014-02-15 02:12:16', 1, 7, 3.61, 19.1);
insert into vendaencerrada (ordemVenda, dataA, idproduto, idmesa, quantidade, preco) values (66, '2014-03-23 08:24:45', 10, 5, 8.4, 4.69);
insert into vendaencerrada (ordemVenda, dataA, idproduto, idmesa, quantidade, preco) values (66, '2014-04-15 08:31:03', 8, 4, 17.64, 4.87);
insert into vendaencerrada (ordemVenda, dataA, idproduto, idmesa, quantidade, preco) values (67, '2014-07-22 08:37:15', 2, 8, 5.01, 13.2);
insert into vendaencerrada (ordemVenda, dataA, idproduto, idmesa, quantidade, preco) values (67, '2014-10-25 23:52:28', 5, 10, 12.23, 8.75);
insert into vendaencerrada (ordemVenda, dataA, idproduto, idmesa, quantidade, preco) values (67, '2014-02-17 18:56:05', 8, 3, 5.84, 4.48);
insert into vendaencerrada (ordemVenda, dataA, idproduto, idmesa, quantidade, preco) values (67, '2014-04-04 08:01:30', 9, 6, 9.58, 9.68);
insert into vendaencerrada (ordemVenda, dataA, idproduto, idmesa, quantidade, preco) values (67, '2014-10-13 07:47:44', 3, 2, 1.31, 2.52);
insert into vendaencerrada (ordemVenda, dataA, idproduto, idmesa, quantidade, preco) values (67, '2014-10-31 07:59:53', 8, 4, 4.35, 8.64);
insert into vendaencerrada (ordemVenda, dataA, idproduto, idmesa, quantidade, preco) values (67, '2014-03-27 23:19:39', 9, 5, 9.52, 3.69);
insert into vendaencerrada (ordemVenda, dataA, idproduto, idmesa, quantidade, preco) values (67, '2014-05-09 04:17:39', 3, 2, 8.42, 19.14);
insert into vendaencerrada (ordemVenda, dataA, idproduto, idmesa, quantidade, preco) values (67, '2014-02-12 13:48:24', 1, 8, 12.97, 3.69);
insert into vendaencerrada (ordemVenda, dataA, idproduto, idmesa, quantidade, preco) values (67, '2014-10-28 13:25:14', 2, 9, 5.76, 3.59);
insert into vendaencerrada (ordemVenda, dataA, idproduto, idmesa, quantidade, preco) values (67, '2014-01-16 13:05:49', 6, 10, 17.66, 17.42);
insert into vendaencerrada (ordemVenda, dataA, idproduto, idmesa, quantidade, preco) values (67, '2014-09-24 23:20:02', 5, 9, 5.36, 17.7);
insert into vendaencerrada (ordemVenda, dataA, idproduto, idmesa, quantidade, preco) values (68, '2014-05-18 06:55:45', 2, 10, 15.35, 7.31);
insert into vendaencerrada (ordemVenda, dataA, idproduto, idmesa, quantidade, preco) values (68, '2014-03-06 04:56:43', 8, 1, 2.58, 19.74);
insert into vendaencerrada (ordemVenda, dataA, idproduto, idmesa, quantidade, preco) values (68, '2014-08-12 17:03:29', 4, 10, 9.55, 14.18);
insert into vendaencerrada (ordemVenda, dataA, idproduto, idmesa, quantidade, preco) values (68, '2014-04-18 06:10:56', 2, 7, 10.08, 13.65);
insert into vendaencerrada (ordemVenda, dataA, idproduto, idmesa, quantidade, preco) values (68, '2014-05-21 09:10:28', 10, 9, 15.39, 16.62);
insert into vendaencerrada (ordemVenda, dataA, idproduto, idmesa, quantidade, preco) values (68, '2014-04-05 04:42:59', 3, 6, 1.52, 10.66);
insert into vendaencerrada (ordemVenda, dataA, idproduto, idmesa, quantidade, preco) values (68, '2014-09-06 04:17:13', 5, 9, 18.97, 6.6);
insert into vendaencerrada (ordemVenda, dataA, idproduto, idmesa, quantidade, preco) values (68, '2014-03-26 03:39:55', 8, 9, 4.93, 4.14);
insert into vendaencerrada (ordemVenda, dataA, idproduto, idmesa, quantidade, preco) values (68, '2014-02-17 02:28:01', 7, 9, 16.09, 13.04);
insert into vendaencerrada (ordemVenda, dataA, idproduto, idmesa, quantidade, preco) values (68, '2014-03-02 21:07:16', 3, 2, 4.77, 5.92);
insert into vendaencerrada (ordemVenda, dataA, idproduto, idmesa, quantidade, preco) values (68, '2014-01-07 10:00:07', 2, 9, 11.18, 9.94);
insert into vendaencerrada (ordemVenda, dataA, idproduto, idmesa, quantidade, preco) values (69, '2014-09-01 16:31:18', 2, 8, 5.63, 14.32);
insert into vendaencerrada (ordemVenda, dataA, idproduto, idmesa, quantidade, preco) values (69, '2013-12-03 03:28:36', 1, 7, 7.83, 5.37);
insert into vendaencerrada (ordemVenda, dataA, idproduto, idmesa, quantidade, preco) values (69, '2014-04-30 06:32:24', 1, 1, 11.57, 4.44);
insert into vendaencerrada (ordemVenda, dataA, idproduto, idmesa, quantidade, preco) values (69, '2014-02-27 21:27:30', 9, 9, 4.24, 6.19);
insert into vendaencerrada (ordemVenda, dataA, idproduto, idmesa, quantidade, preco) values (69, '2014-04-07 04:56:05', 7, 8, 5.96, 2.74);
insert into vendaencerrada (ordemVenda, dataA, idproduto, idmesa, quantidade, preco) values (69, '2014-06-23 14:14:16', 5, 5, 5.91, 16.93);
insert into vendaencerrada (ordemVenda, dataA, idproduto, idmesa, quantidade, preco) values (69, '2013-12-12 17:09:17', 1, 8, 1.09, 12.6);
insert into vendaencerrada (ordemVenda, dataA, idproduto, idmesa, quantidade, preco) values (69, '2014-09-02 06:41:27', 6, 9, 18.84, 10.49);
insert into vendaencerrada (ordemVenda, dataA, idproduto, idmesa, quantidade, preco) values (69, '2014-01-18 10:06:56', 9, 2, 9.47, 17.43);
insert into vendaencerrada (ordemVenda, dataA, idproduto, idmesa, quantidade, preco) values (70, '2014-02-16 05:59:29', 6, 6, 10.82, 18.57);
insert into vendaencerrada (ordemVenda, dataA, idproduto, idmesa, quantidade, preco) values (70, '2014-03-04 17:16:27', 9, 8, 13.48, 8.6);
insert into vendaencerrada (ordemVenda, dataA, idproduto, idmesa, quantidade, preco) values (70, '2013-12-17 16:45:09', 6, 9, 11.37, 3);
insert into vendaencerrada (ordemVenda, dataA, idproduto, idmesa, quantidade, preco) values (70, '2014-03-06 01:27:48', 5, 8, 12.26, 4.9);
insert into vendaencerrada (ordemVenda, dataA, idproduto, idmesa, quantidade, preco) values (70, '2014-07-27 13:32:40', 3, 8, 7.35, 3.69);
insert into vendaencerrada (ordemVenda, dataA, idproduto, idmesa, quantidade, preco) values (70, '2014-07-28 23:24:51', 8, 1, 1.81, 7.88);
insert into vendaencerrada (ordemVenda, dataA, idproduto, idmesa, quantidade, preco) values (70, '2014-06-26 12:41:13', 10, 2, 8.66, 5.41);
insert into vendaencerrada (ordemVenda, dataA, idproduto, idmesa, quantidade, preco) values (70, '2014-05-05 00:21:12', 2, 9, 11.45, 5.11);
insert into vendaencerrada (ordemVenda, dataA, idproduto, idmesa, quantidade, preco) values (70, '2014-06-25 01:30:23', 4, 1, 8.62, 3.3);
insert into vendaencerrada (ordemVenda, dataA, idproduto, idmesa, quantidade, preco) values (70, '2014-04-28 02:45:26', 10, 10, 2.86, 3.09);
insert into vendaencerrada (ordemVenda, dataA, idproduto, idmesa, quantidade, preco) values (71, '2014-01-02 10:12:19', 6, 5, 12.92, 18.14);
insert into vendaencerrada (ordemVenda, dataA, idproduto, idmesa, quantidade, preco) values (71, '2014-03-26 01:11:10', 8, 1, 4.36, 5.76);
insert into vendaencerrada (ordemVenda, dataA, idproduto, idmesa, quantidade, preco) values (71, '2014-05-01 00:04:08', 8, 6, 17.72, 10.14);
insert into vendaencerrada (ordemVenda, dataA, idproduto, idmesa, quantidade, preco) values (71, '2014-05-04 11:44:03', 1, 3, 16.12, 3.51);
insert into vendaencerrada (ordemVenda, dataA, idproduto, idmesa, quantidade, preco) values (71, '2014-02-19 17:54:12', 5, 4, 15.27, 1.23);
insert into vendaencerrada (ordemVenda, dataA, idproduto, idmesa, quantidade, preco) values (71, '2014-11-07 02:28:47', 8, 4, 18.36, 3.92);
insert into vendaencerrada (ordemVenda, dataA, idproduto, idmesa, quantidade, preco) values (71, '2014-09-28 08:54:20', 10, 8, 16.75, 10.77);
insert into vendaencerrada (ordemVenda, dataA, idproduto, idmesa, quantidade, preco) values (71, '2013-12-09 21:32:03', 1, 8, 18.45, 18.43);
insert into vendaencerrada (ordemVenda, dataA, idproduto, idmesa, quantidade, preco) values (71, '2013-12-10 21:45:24', 4, 7, 4.37, 14.86);
insert into vendaencerrada (ordemVenda, dataA, idproduto, idmesa, quantidade, preco) values (71, '2014-09-05 22:14:05', 1, 3, 8.12, 6.68);
insert into vendaencerrada (ordemVenda, dataA, idproduto, idmesa, quantidade, preco) values (71, '2014-10-24 20:44:13', 7, 10, 6.81, 14.2);
insert into vendaencerrada (ordemVenda, dataA, idproduto, idmesa, quantidade, preco) values (71, '2014-01-13 19:51:32', 10, 9, 19.81, 18.09);
insert into vendaencerrada (ordemVenda, dataA, idproduto, idmesa, quantidade, preco) values (71, '2014-01-17 05:41:32', 6, 1, 3.06, 14.95);
insert into vendaencerrada (ordemVenda, dataA, idproduto, idmesa, quantidade, preco) values (71, '2014-01-15 07:37:48', 4, 3, 7.33, 7.39);
insert into vendaencerrada (ordemVenda, dataA, idproduto, idmesa, quantidade, preco) values (72, '2014-06-01 10:10:54', 6, 4, 15.47, 5.05);
insert into vendaencerrada (ordemVenda, dataA, idproduto, idmesa, quantidade, preco) values (72, '2014-03-20 21:02:28', 1, 9, 8.95, 10.29);
insert into vendaencerrada (ordemVenda, dataA, idproduto, idmesa, quantidade, preco) values (72, '2014-05-08 12:42:06', 5, 9, 7.06, 6.37);
insert into vendaencerrada (ordemVenda, dataA, idproduto, idmesa, quantidade, preco) values (72, '2014-07-09 09:54:14', 7, 5, 18.8, 3.05);
insert into vendaencerrada (ordemVenda, dataA, idproduto, idmesa, quantidade, preco) values (72, '2013-12-26 23:02:46', 6, 9, 5.69, 19.87);
insert into vendaencerrada (ordemVenda, dataA, idproduto, idmesa, quantidade, preco) values (72, '2013-12-09 00:59:26', 3, 7, 13.86, 18.78);
insert into vendaencerrada (ordemVenda, dataA, idproduto, idmesa, quantidade, preco) values (72, '2014-02-19 03:28:04', 5, 7, 12.65, 11.73);
insert into vendaencerrada (ordemVenda, dataA, idproduto, idmesa, quantidade, preco) values (72, '2013-12-30 10:29:14', 5, 7, 10.44, 16.24);
insert into vendaencerrada (ordemVenda, dataA, idproduto, idmesa, quantidade, preco) values (73, '2014-08-20 15:15:29', 7, 2, 16.01, 11.92);
insert into vendaencerrada (ordemVenda, dataA, idproduto, idmesa, quantidade, preco) values (73, '2014-10-21 14:34:13', 7, 6, 17.73, 13.41);
insert into vendaencerrada (ordemVenda, dataA, idproduto, idmesa, quantidade, preco) values (73, '2014-04-15 21:10:53', 2, 1, 5.64, 14.15);
insert into vendaencerrada (ordemVenda, dataA, idproduto, idmesa, quantidade, preco) values (73, '2014-11-21 09:22:36', 6, 2, 1.94, 5.07);
insert into vendaencerrada (ordemVenda, dataA, idproduto, idmesa, quantidade, preco) values (73, '2014-05-23 08:49:59', 1, 2, 6.56, 7.32);
insert into vendaencerrada (ordemVenda, dataA, idproduto, idmesa, quantidade, preco) values (74, '2014-10-25 15:32:03', 5, 6, 4.82, 9.56);
insert into vendaencerrada (ordemVenda, dataA, idproduto, idmesa, quantidade, preco) values (74, '2014-03-22 10:53:32', 1, 6, 19.99, 2.24);
insert into vendaencerrada (ordemVenda, dataA, idproduto, idmesa, quantidade, preco) values (74, '2013-12-14 12:28:45', 9, 5, 3.05, 12.86);
insert into vendaencerrada (ordemVenda, dataA, idproduto, idmesa, quantidade, preco) values (74, '2014-07-05 17:43:16', 8, 5, 14.2, 19.45);
insert into vendaencerrada (ordemVenda, dataA, idproduto, idmesa, quantidade, preco) values (74, '2014-09-20 12:34:55', 2, 10, 15.62, 2.9);
insert into vendaencerrada (ordemVenda, dataA, idproduto, idmesa, quantidade, preco) values (74, '2014-03-05 22:14:19', 9, 4, 11.66, 4.4);
insert into vendaencerrada (ordemVenda, dataA, idproduto, idmesa, quantidade, preco) values (74, '2014-03-23 08:28:45', 6, 6, 5.15, 12.1);
insert into vendaencerrada (ordemVenda, dataA, idproduto, idmesa, quantidade, preco) values (74, '2014-07-07 11:16:11', 6, 6, 18.53, 4.29);
insert into vendaencerrada (ordemVenda, dataA, idproduto, idmesa, quantidade, preco) values (74, '2014-06-28 15:53:11', 7, 4, 11.18, 6.78);
insert into vendaencerrada (ordemVenda, dataA, idproduto, idmesa, quantidade, preco) values (74, '2014-05-07 10:02:20', 9, 8, 13.81, 5.24);
insert into vendaencerrada (ordemVenda, dataA, idproduto, idmesa, quantidade, preco) values (74, '2014-11-13 18:28:34', 3, 6, 3.21, 1.49);
insert into vendaencerrada (ordemVenda, dataA, idproduto, idmesa, quantidade, preco) values (74, '2014-02-28 20:12:33', 6, 6, 14.78, 18.27);
insert into vendaencerrada (ordemVenda, dataA, idproduto, idmesa, quantidade, preco) values (74, '2014-03-14 01:15:15', 2, 6, 12.39, 10.58);
insert into vendaencerrada (ordemVenda, dataA, idproduto, idmesa, quantidade, preco) values (75, '2014-02-21 02:15:21', 8, 4, 3.37, 6.64);
insert into vendaencerrada (ordemVenda, dataA, idproduto, idmesa, quantidade, preco) values (75, '2014-09-19 21:01:03', 6, 7, 19.79, 16.95);
insert into vendaencerrada (ordemVenda, dataA, idproduto, idmesa, quantidade, preco) values (75, '2014-08-11 13:46:47', 4, 3, 5.46, 4.68);
insert into vendaencerrada (ordemVenda, dataA, idproduto, idmesa, quantidade, preco) values (75, '2014-07-19 20:23:46', 4, 2, 12.54, 17.83);
insert into vendaencerrada (ordemVenda, dataA, idproduto, idmesa, quantidade, preco) values (76, '2013-12-06 03:35:03', 9, 1, 7.7, 11.68);
insert into vendaencerrada (ordemVenda, dataA, idproduto, idmesa, quantidade, preco) values (76, '2014-03-20 16:31:36', 9, 1, 4.51, 13.33);
insert into vendaencerrada (ordemVenda, dataA, idproduto, idmesa, quantidade, preco) values (76, '2014-07-17 18:00:24', 9, 6, 19.83, 2.63);
insert into vendaencerrada (ordemVenda, dataA, idproduto, idmesa, quantidade, preco) values (76, '2014-10-24 11:58:27', 3, 8, 12.29, 4.91);
insert into vendaencerrada (ordemVenda, dataA, idproduto, idmesa, quantidade, preco) values (76, '2014-05-06 15:31:09', 4, 10, 11.03, 1.71);
insert into vendaencerrada (ordemVenda, dataA, idproduto, idmesa, quantidade, preco) values (76, '2014-09-09 19:50:20', 5, 10, 16.83, 12.72);
insert into vendaencerrada (ordemVenda, dataA, idproduto, idmesa, quantidade, preco) values (76, '2014-09-27 17:25:38', 3, 6, 16.5, 5.8);
insert into vendaencerrada (ordemVenda, dataA, idproduto, idmesa, quantidade, preco) values (76, '2014-04-10 22:15:13', 9, 8, 3.65, 15.96);
insert into vendaencerrada (ordemVenda, dataA, idproduto, idmesa, quantidade, preco) values (76, '2014-03-28 10:03:04', 2, 4, 6.56, 10.7);
insert into vendaencerrada (ordemVenda, dataA, idproduto, idmesa, quantidade, preco) values (76, '2013-12-03 16:01:00', 8, 4, 2.37, 5.59);
insert into vendaencerrada (ordemVenda, dataA, idproduto, idmesa, quantidade, preco) values (77, '2014-04-07 21:06:13', 7, 9, 2.3, 15.69);
insert into vendaencerrada (ordemVenda, dataA, idproduto, idmesa, quantidade, preco) values (77, '2014-03-09 03:55:46', 7, 7, 15.48, 16.2);
insert into vendaencerrada (ordemVenda, dataA, idproduto, idmesa, quantidade, preco) values (77, '2014-04-19 19:04:37', 7, 2, 14.57, 1.63);
insert into vendaencerrada (ordemVenda, dataA, idproduto, idmesa, quantidade, preco) values (77, '2014-10-01 20:50:54', 1, 3, 5.9, 12.35);
insert into vendaencerrada (ordemVenda, dataA, idproduto, idmesa, quantidade, preco) values (77, '2014-05-22 16:59:25', 8, 8, 18.22, 6.8);
insert into vendaencerrada (ordemVenda, dataA, idproduto, idmesa, quantidade, preco) values (77, '2014-07-12 01:35:59', 10, 8, 13.65, 18.37);
insert into vendaencerrada (ordemVenda, dataA, idproduto, idmesa, quantidade, preco) values (77, '2014-07-28 07:35:30', 9, 6, 10.49, 17.73);
insert into vendaencerrada (ordemVenda, dataA, idproduto, idmesa, quantidade, preco) values (77, '2014-08-22 16:30:37', 7, 5, 10.07, 15.39);
insert into vendaencerrada (ordemVenda, dataA, idproduto, idmesa, quantidade, preco) values (77, '2014-01-26 23:21:20', 1, 1, 16.86, 1.1);
insert into vendaencerrada (ordemVenda, dataA, idproduto, idmesa, quantidade, preco) values (77, '2014-06-29 19:20:41', 1, 1, 9.19, 5.13);
insert into vendaencerrada (ordemVenda, dataA, idproduto, idmesa, quantidade, preco) values (78, '2014-05-06 19:33:50', 10, 1, 13.4, 13.98);
insert into vendaencerrada (ordemVenda, dataA, idproduto, idmesa, quantidade, preco) values (78, '2014-07-19 05:14:45', 2, 6, 8.36, 4.64);
insert into vendaencerrada (ordemVenda, dataA, idproduto, idmesa, quantidade, preco) values (78, '2014-05-27 08:16:04', 1, 6, 10.91, 15.55);
insert into vendaencerrada (ordemVenda, dataA, idproduto, idmesa, quantidade, preco) values (78, '2014-03-07 04:35:07', 10, 2, 6.03, 14.3);
insert into vendaencerrada (ordemVenda, dataA, idproduto, idmesa, quantidade, preco) values (78, '2014-05-27 16:28:40', 2, 7, 4.48, 12.17);
insert into vendaencerrada (ordemVenda, dataA, idproduto, idmesa, quantidade, preco) values (78, '2014-05-07 01:53:08', 8, 3, 1.94, 17.69);
insert into vendaencerrada (ordemVenda, dataA, idproduto, idmesa, quantidade, preco) values (78, '2014-05-16 07:02:57', 3, 5, 5.49, 17.25);
insert into vendaencerrada (ordemVenda, dataA, idproduto, idmesa, quantidade, preco) values (78, '2014-02-19 00:27:46', 7, 9, 7.8, 10.11);
insert into vendaencerrada (ordemVenda, dataA, idproduto, idmesa, quantidade, preco) values (78, '2014-05-11 11:23:33', 2, 6, 12.35, 11.06);
insert into vendaencerrada (ordemVenda, dataA, idproduto, idmesa, quantidade, preco) values (78, '2014-09-28 14:07:12', 6, 1, 15.25, 8.16);
insert into vendaencerrada (ordemVenda, dataA, idproduto, idmesa, quantidade, preco) values (78, '2014-04-13 09:16:33', 5, 6, 15.96, 4.98);
insert into vendaencerrada (ordemVenda, dataA, idproduto, idmesa, quantidade, preco) values (78, '2014-02-07 23:58:06', 2, 4, 4.09, 15.71);
insert into vendaencerrada (ordemVenda, dataA, idproduto, idmesa, quantidade, preco) values (78, '2014-04-26 02:29:21', 2, 8, 1.39, 9.03);
insert into vendaencerrada (ordemVenda, dataA, idproduto, idmesa, quantidade, preco) values (79, '2013-12-08 12:26:21', 9, 8, 8.17, 12.72);
insert into vendaencerrada (ordemVenda, dataA, idproduto, idmesa, quantidade, preco) values (79, '2014-06-30 16:46:26', 8, 2, 18.62, 3.72);
insert into vendaencerrada (ordemVenda, dataA, idproduto, idmesa, quantidade, preco) values (79, '2014-06-01 15:47:15', 5, 7, 6.24, 3.06);
insert into vendaencerrada (ordemVenda, dataA, idproduto, idmesa, quantidade, preco) values (79, '2014-05-21 10:31:42', 1, 3, 18.77, 4.43);
insert into vendaencerrada (ordemVenda, dataA, idproduto, idmesa, quantidade, preco) values (79, '2014-03-28 06:20:59', 8, 6, 4.8, 7.27);
insert into vendaencerrada (ordemVenda, dataA, idproduto, idmesa, quantidade, preco) values (79, '2014-04-16 20:17:59', 5, 4, 12.3, 10.59);
insert into vendaencerrada (ordemVenda, dataA, idproduto, idmesa, quantidade, preco) values (79, '2014-04-26 05:42:43', 6, 8, 17.09, 1.85);
insert into vendaencerrada (ordemVenda, dataA, idproduto, idmesa, quantidade, preco) values (79, '2014-03-12 12:04:32', 5, 6, 19.58, 11.9);
insert into vendaencerrada (ordemVenda, dataA, idproduto, idmesa, quantidade, preco) values (79, '2014-04-06 18:43:39', 1, 9, 2.68, 15.68);
insert into vendaencerrada (ordemVenda, dataA, idproduto, idmesa, quantidade, preco) values (79, '2014-05-08 03:28:07', 3, 9, 16.87, 13.61);
insert into vendaencerrada (ordemVenda, dataA, idproduto, idmesa, quantidade, preco) values (79, '2013-12-10 12:29:33', 4, 1, 3.61, 9.29);
insert into vendaencerrada (ordemVenda, dataA, idproduto, idmesa, quantidade, preco) values (79, '2014-03-05 18:12:25', 9, 10, 4.54, 9.78);
insert into vendaencerrada (ordemVenda, dataA, idproduto, idmesa, quantidade, preco) values (79, '2014-08-12 23:44:31', 10, 7, 3.11, 16.87);
insert into vendaencerrada (ordemVenda, dataA, idproduto, idmesa, quantidade, preco) values (80, '2014-03-20 09:49:13', 4, 8, 18.87, 19.46);
insert into vendaencerrada (ordemVenda, dataA, idproduto, idmesa, quantidade, preco) values (80, '2014-07-16 18:58:18', 5, 9, 10.39, 8.39);
insert into vendaencerrada (ordemVenda, dataA, idproduto, idmesa, quantidade, preco) values (80, '2014-06-17 18:13:25', 6, 8, 6.97, 2.14);
insert into vendaencerrada (ordemVenda, dataA, idproduto, idmesa, quantidade, preco) values (80, '2014-03-12 15:11:35', 8, 6, 10.85, 19.74);
insert into vendaencerrada (ordemVenda, dataA, idproduto, idmesa, quantidade, preco) values (80, '2014-01-10 18:11:16', 6, 10, 10.34, 1.21);
insert into vendaencerrada (ordemVenda, dataA, idproduto, idmesa, quantidade, preco) values (80, '2014-07-14 20:42:20', 9, 5, 15.3, 16.2);
insert into vendaencerrada (ordemVenda, dataA, idproduto, idmesa, quantidade, preco) values (80, '2014-10-07 12:09:05', 1, 7, 18.46, 6.1);
insert into vendaencerrada (ordemVenda, dataA, idproduto, idmesa, quantidade, preco) values (81, '2014-02-14 17:38:10', 8, 5, 13.3, 5.08);
insert into vendaencerrada (ordemVenda, dataA, idproduto, idmesa, quantidade, preco) values (81, '2014-01-10 17:06:44', 10, 3, 3.12, 12.59);
insert into vendaencerrada (ordemVenda, dataA, idproduto, idmesa, quantidade, preco) values (81, '2013-12-03 17:05:26', 2, 7, 17.84, 15.77);
insert into vendaencerrada (ordemVenda, dataA, idproduto, idmesa, quantidade, preco) values (81, '2014-02-21 04:31:22', 1, 3, 5.14, 9.66);
insert into vendaencerrada (ordemVenda, dataA, idproduto, idmesa, quantidade, preco) values (81, '2014-07-06 16:19:24', 2, 6, 15.77, 16.96);
insert into vendaencerrada (ordemVenda, dataA, idproduto, idmesa, quantidade, preco) values (81, '2014-04-06 23:30:03', 8, 2, 17.45, 6.66);
insert into vendaencerrada (ordemVenda, dataA, idproduto, idmesa, quantidade, preco) values (81, '2014-11-16 20:42:07', 1, 9, 10.93, 16.89);
insert into vendaencerrada (ordemVenda, dataA, idproduto, idmesa, quantidade, preco) values (81, '2014-01-03 10:32:52', 4, 9, 14.52, 11.01);
insert into vendaencerrada (ordemVenda, dataA, idproduto, idmesa, quantidade, preco) values (81, '2014-08-18 17:29:10', 6, 10, 19.65, 12.14);
insert into vendaencerrada (ordemVenda, dataA, idproduto, idmesa, quantidade, preco) values (81, '2014-05-05 03:31:31', 2, 7, 9.75, 15.14);
insert into vendaencerrada (ordemVenda, dataA, idproduto, idmesa, quantidade, preco) values (81, '2014-09-19 14:16:29', 3, 1, 9.83, 13.05);
insert into vendaencerrada (ordemVenda, dataA, idproduto, idmesa, quantidade, preco) values (81, '2013-12-01 12:59:34', 8, 5, 4.46, 5.06);
insert into vendaencerrada (ordemVenda, dataA, idproduto, idmesa, quantidade, preco) values (81, '2014-09-07 09:50:27', 7, 5, 12.38, 7.3);
insert into vendaencerrada (ordemVenda, dataA, idproduto, idmesa, quantidade, preco) values (82, '2013-12-14 01:00:56', 6, 8, 3.34, 13.22);
insert into vendaencerrada (ordemVenda, dataA, idproduto, idmesa, quantidade, preco) values (82, '2014-03-03 20:08:36', 8, 8, 10.8, 15.02);
insert into vendaencerrada (ordemVenda, dataA, idproduto, idmesa, quantidade, preco) values (82, '2014-11-15 08:14:39', 8, 2, 4.13, 17.12);
insert into vendaencerrada (ordemVenda, dataA, idproduto, idmesa, quantidade, preco) values (82, '2014-11-19 22:21:04', 2, 1, 13.55, 12.44);
insert into vendaencerrada (ordemVenda, dataA, idproduto, idmesa, quantidade, preco) values (82, '2014-02-06 22:51:36', 5, 5, 9.5, 17.82);
insert into vendaencerrada (ordemVenda, dataA, idproduto, idmesa, quantidade, preco) values (82, '2014-10-20 04:18:52', 5, 7, 6.35, 1.1);
insert into vendaencerrada (ordemVenda, dataA, idproduto, idmesa, quantidade, preco) values (82, '2014-06-05 08:55:08', 1, 9, 8.98, 15.23);
insert into vendaencerrada (ordemVenda, dataA, idproduto, idmesa, quantidade, preco) values (82, '2014-03-08 08:38:21', 8, 7, 7.26, 4.17);
insert into vendaencerrada (ordemVenda, dataA, idproduto, idmesa, quantidade, preco) values (82, '2014-07-15 00:50:21', 3, 4, 14.58, 3.47);
insert into vendaencerrada (ordemVenda, dataA, idproduto, idmesa, quantidade, preco) values (83, '2014-04-25 01:45:32', 7, 5, 19.88, 12.84);
insert into vendaencerrada (ordemVenda, dataA, idproduto, idmesa, quantidade, preco) values (83, '2014-03-20 14:04:23', 1, 10, 4.31, 17.27);
insert into vendaencerrada (ordemVenda, dataA, idproduto, idmesa, quantidade, preco) values (83, '2014-10-22 03:21:19', 7, 1, 19.14, 16.22);
insert into vendaencerrada (ordemVenda, dataA, idproduto, idmesa, quantidade, preco) values (83, '2014-11-04 09:30:46', 8, 4, 12.8, 10.07);
insert into vendaencerrada (ordemVenda, dataA, idproduto, idmesa, quantidade, preco) values (83, '2013-12-03 07:44:02', 1, 8, 3.55, 3.04);
insert into vendaencerrada (ordemVenda, dataA, idproduto, idmesa, quantidade, preco) values (83, '2014-10-23 14:05:19', 2, 4, 7.6, 5.82);
insert into vendaencerrada (ordemVenda, dataA, idproduto, idmesa, quantidade, preco) values (83, '2013-12-05 09:36:43', 7, 2, 17.11, 12.57);
insert into vendaencerrada (ordemVenda, dataA, idproduto, idmesa, quantidade, preco) values (83, '2014-08-03 01:45:08', 6, 8, 8.42, 17.91);
insert into vendaencerrada (ordemVenda, dataA, idproduto, idmesa, quantidade, preco) values (83, '2014-05-26 02:32:39', 10, 3, 19.9, 5.94);
insert into vendaencerrada (ordemVenda, dataA, idproduto, idmesa, quantidade, preco) values (84, '2014-11-13 15:08:54', 9, 2, 3.96, 3.98);
insert into vendaencerrada (ordemVenda, dataA, idproduto, idmesa, quantidade, preco) values (84, '2014-08-08 09:05:33', 3, 10, 19.59, 1.77);
insert into vendaencerrada (ordemVenda, dataA, idproduto, idmesa, quantidade, preco) values (84, '2014-11-20 11:02:20', 2, 3, 1.52, 10.99);
insert into vendaencerrada (ordemVenda, dataA, idproduto, idmesa, quantidade, preco) values (84, '2014-01-02 15:28:20', 2, 3, 9.72, 16.92);
insert into vendaencerrada (ordemVenda, dataA, idproduto, idmesa, quantidade, preco) values (84, '2014-01-05 15:38:34', 7, 10, 7.04, 3.2);
insert into vendaencerrada (ordemVenda, dataA, idproduto, idmesa, quantidade, preco) values (84, '2014-08-09 01:20:55', 9, 6, 8.57, 14.97);
insert into vendaencerrada (ordemVenda, dataA, idproduto, idmesa, quantidade, preco) values (84, '2014-10-20 16:45:59', 9, 3, 10.54, 4);
insert into vendaencerrada (ordemVenda, dataA, idproduto, idmesa, quantidade, preco) values (84, '2014-10-07 10:31:37', 9, 1, 16.78, 9.89);
insert into vendaencerrada (ordemVenda, dataA, idproduto, idmesa, quantidade, preco) values (84, '2014-02-19 04:14:22', 5, 1, 15.65, 18.97);
insert into vendaencerrada (ordemVenda, dataA, idproduto, idmesa, quantidade, preco) values (84, '2014-10-29 15:52:49', 4, 2, 2.26, 8.63);
insert into vendaencerrada (ordemVenda, dataA, idproduto, idmesa, quantidade, preco) values (84, '2013-12-13 04:02:07', 7, 2, 3.17, 13.65);
insert into vendaencerrada (ordemVenda, dataA, idproduto, idmesa, quantidade, preco) values (85, '2014-01-22 15:54:32', 5, 3, 15.72, 13.11);
insert into vendaencerrada (ordemVenda, dataA, idproduto, idmesa, quantidade, preco) values (85, '2014-10-15 10:08:10', 5, 1, 3.46, 15.03);
insert into vendaencerrada (ordemVenda, dataA, idproduto, idmesa, quantidade, preco) values (85, '2014-09-05 13:57:27', 7, 4, 1.32, 13.19);
insert into vendaencerrada (ordemVenda, dataA, idproduto, idmesa, quantidade, preco) values (85, '2014-09-19 10:33:11', 6, 1, 9.73, 15.79);
insert into vendaencerrada (ordemVenda, dataA, idproduto, idmesa, quantidade, preco) values (85, '2014-09-01 16:27:28', 2, 8, 12.08, 5.91);
insert into vendaencerrada (ordemVenda, dataA, idproduto, idmesa, quantidade, preco) values (85, '2014-04-01 16:56:23', 3, 10, 11.08, 7.32);
insert into vendaencerrada (ordemVenda, dataA, idproduto, idmesa, quantidade, preco) values (85, '2014-05-30 00:56:47', 10, 6, 7.69, 9.19);
insert into vendaencerrada (ordemVenda, dataA, idproduto, idmesa, quantidade, preco) values (85, '2014-01-23 05:01:29', 9, 3, 13.78, 15.36);
insert into vendaencerrada (ordemVenda, dataA, idproduto, idmesa, quantidade, preco) values (85, '2014-08-28 14:10:51', 5, 3, 16.04, 18.44);
insert into vendaencerrada (ordemVenda, dataA, idproduto, idmesa, quantidade, preco) values (85, '2013-12-31 17:15:15', 1, 4, 10.92, 9.36);
insert into vendaencerrada (ordemVenda, dataA, idproduto, idmesa, quantidade, preco) values (85, '2014-05-02 00:18:49', 5, 7, 1.02, 15.08);
insert into vendaencerrada (ordemVenda, dataA, idproduto, idmesa, quantidade, preco) values (85, '2014-09-29 14:15:22', 3, 5, 9.86, 1.05);
insert into vendaencerrada (ordemVenda, dataA, idproduto, idmesa, quantidade, preco) values (86, '2014-11-01 14:51:04', 1, 2, 7.64, 12.07);
insert into vendaencerrada (ordemVenda, dataA, idproduto, idmesa, quantidade, preco) values (86, '2014-06-22 14:23:18', 2, 9, 4.33, 9.51);
insert into vendaencerrada (ordemVenda, dataA, idproduto, idmesa, quantidade, preco) values (86, '2014-11-09 17:33:55', 9, 9, 8.71, 2.97);
insert into vendaencerrada (ordemVenda, dataA, idproduto, idmesa, quantidade, preco) values (86, '2014-03-16 19:57:32', 7, 9, 6.37, 1.01);
insert into vendaencerrada (ordemVenda, dataA, idproduto, idmesa, quantidade, preco) values (86, '2014-05-23 18:51:48', 8, 5, 19.32, 5.6);
insert into vendaencerrada (ordemVenda, dataA, idproduto, idmesa, quantidade, preco) values (86, '2014-04-10 16:36:53', 6, 7, 1.33, 6.35);
insert into vendaencerrada (ordemVenda, dataA, idproduto, idmesa, quantidade, preco) values (86, '2014-11-25 10:49:09', 7, 6, 17.03, 12.08);
insert into vendaencerrada (ordemVenda, dataA, idproduto, idmesa, quantidade, preco) values (87, '2014-05-23 04:27:18', 1, 2, 2.09, 19.26);
insert into vendaencerrada (ordemVenda, dataA, idproduto, idmesa, quantidade, preco) values (87, '2014-10-13 15:08:38', 6, 3, 3.9, 7.07);
insert into vendaencerrada (ordemVenda, dataA, idproduto, idmesa, quantidade, preco) values (87, '2013-12-28 15:13:33', 2, 6, 18.34, 17.45);
insert into vendaencerrada (ordemVenda, dataA, idproduto, idmesa, quantidade, preco) values (87, '2013-12-30 07:36:57', 7, 6, 6.37, 11.97);
insert into vendaencerrada (ordemVenda, dataA, idproduto, idmesa, quantidade, preco) values (87, '2014-03-23 23:53:41', 7, 9, 9.6, 16.65);
insert into vendaencerrada (ordemVenda, dataA, idproduto, idmesa, quantidade, preco) values (87, '2014-07-06 22:28:01', 3, 5, 1.17, 8.55);
insert into vendaencerrada (ordemVenda, dataA, idproduto, idmesa, quantidade, preco) values (87, '2014-06-16 02:41:05', 4, 9, 14.17, 4.44);
insert into vendaencerrada (ordemVenda, dataA, idproduto, idmesa, quantidade, preco) values (87, '2014-08-16 23:48:37', 4, 10, 13.58, 6.64);
insert into vendaencerrada (ordemVenda, dataA, idproduto, idmesa, quantidade, preco) values (87, '2014-09-22 19:18:47', 3, 6, 13.11, 18.67);
insert into vendaencerrada (ordemVenda, dataA, idproduto, idmesa, quantidade, preco) values (87, '2014-09-18 11:46:31', 5, 9, 14.6, 10.95);
insert into vendaencerrada (ordemVenda, dataA, idproduto, idmesa, quantidade, preco) values (87, '2014-10-22 06:37:41', 5, 6, 2.1, 13.52);
insert into vendaencerrada (ordemVenda, dataA, idproduto, idmesa, quantidade, preco) values (88, '2014-10-03 22:18:37', 2, 10, 17.7, 9.46);
insert into vendaencerrada (ordemVenda, dataA, idproduto, idmesa, quantidade, preco) values (88, '2014-04-05 15:04:06', 4, 10, 3.19, 7.33);
insert into vendaencerrada (ordemVenda, dataA, idproduto, idmesa, quantidade, preco) values (88, '2014-01-26 14:17:15', 9, 10, 5.62, 8.51);
insert into vendaencerrada (ordemVenda, dataA, idproduto, idmesa, quantidade, preco) values (88, '2014-05-07 17:06:08', 2, 7, 1.38, 1.64);
insert into vendaencerrada (ordemVenda, dataA, idproduto, idmesa, quantidade, preco) values (88, '2014-01-02 17:23:01', 4, 1, 14.92, 16.57);
insert into vendaencerrada (ordemVenda, dataA, idproduto, idmesa, quantidade, preco) values (88, '2014-04-14 16:19:09', 7, 10, 5.34, 6.62);
insert into vendaencerrada (ordemVenda, dataA, idproduto, idmesa, quantidade, preco) values (88, '2014-09-14 11:06:12', 4, 2, 4.26, 12.03);
insert into vendaencerrada (ordemVenda, dataA, idproduto, idmesa, quantidade, preco) values (88, '2013-12-04 05:06:56', 2, 5, 14.85, 5.35);
insert into vendaencerrada (ordemVenda, dataA, idproduto, idmesa, quantidade, preco) values (88, '2014-07-31 12:55:37', 7, 3, 6.8, 15.13);
insert into vendaencerrada (ordemVenda, dataA, idproduto, idmesa, quantidade, preco) values (88, '2014-02-01 05:16:44', 7, 1, 16.39, 16.59);
insert into vendaencerrada (ordemVenda, dataA, idproduto, idmesa, quantidade, preco) values (89, '2014-07-15 01:18:21', 2, 9, 15.04, 12.08);
insert into vendaencerrada (ordemVenda, dataA, idproduto, idmesa, quantidade, preco) values (89, '2014-10-21 11:12:50', 4, 6, 13.71, 8.49);
insert into vendaencerrada (ordemVenda, dataA, idproduto, idmesa, quantidade, preco) values (89, '2014-05-31 19:22:49', 3, 2, 8.65, 5.95);
insert into vendaencerrada (ordemVenda, dataA, idproduto, idmesa, quantidade, preco) values (89, '2014-03-02 05:27:32', 5, 7, 10.01, 16.78);
insert into vendaencerrada (ordemVenda, dataA, idproduto, idmesa, quantidade, preco) values (89, '2014-09-01 21:23:22', 6, 4, 3.27, 2.45);
insert into vendaencerrada (ordemVenda, dataA, idproduto, idmesa, quantidade, preco) values (89, '2014-05-05 08:04:44', 3, 10, 6.54, 12.23);
insert into vendaencerrada (ordemVenda, dataA, idproduto, idmesa, quantidade, preco) values (89, '2014-02-12 12:34:25', 4, 2, 10.44, 4.01);
insert into vendaencerrada (ordemVenda, dataA, idproduto, idmesa, quantidade, preco) values (89, '2014-11-07 04:54:48', 10, 5, 9.27, 12.59);
insert into vendaencerrada (ordemVenda, dataA, idproduto, idmesa, quantidade, preco) values (89, '2014-11-17 10:08:08', 1, 10, 14.26, 9.02);
insert into vendaencerrada (ordemVenda, dataA, idproduto, idmesa, quantidade, preco) values (89, '2014-05-30 02:42:56', 6, 9, 15.16, 7.94);
insert into vendaencerrada (ordemVenda, dataA, idproduto, idmesa, quantidade, preco) values (90, '2014-01-24 00:56:02', 9, 10, 16.66, 19.5);
insert into vendaencerrada (ordemVenda, dataA, idproduto, idmesa, quantidade, preco) values (90, '2014-02-13 23:01:54', 2, 6, 3.83, 1.11);
insert into vendaencerrada (ordemVenda, dataA, idproduto, idmesa, quantidade, preco) values (90, '2014-08-24 03:19:18', 5, 3, 7.62, 3.53);
insert into vendaencerrada (ordemVenda, dataA, idproduto, idmesa, quantidade, preco) values (90, '2014-01-11 03:21:34', 2, 4, 4.47, 16.67);
insert into vendaencerrada (ordemVenda, dataA, idproduto, idmesa, quantidade, preco) values (90, '2014-11-14 05:12:46', 9, 1, 5.61, 13.66);
insert into vendaencerrada (ordemVenda, dataA, idproduto, idmesa, quantidade, preco) values (90, '2014-03-09 07:12:15', 9, 4, 11.11, 1.21);
insert into vendaencerrada (ordemVenda, dataA, idproduto, idmesa, quantidade, preco) values (90, '2014-04-25 07:59:56', 4, 4, 14.48, 5.54);
insert into vendaencerrada (ordemVenda, dataA, idproduto, idmesa, quantidade, preco) values (90, '2014-06-26 23:22:56', 5, 8, 12.54, 2.99);
insert into vendaencerrada (ordemVenda, dataA, idproduto, idmesa, quantidade, preco) values (90, '2014-07-21 11:26:23', 10, 8, 1.17, 3.3);
insert into vendaencerrada (ordemVenda, dataA, idproduto, idmesa, quantidade, preco) values (90, '2014-06-06 03:38:27', 1, 2, 14.49, 14.33);
insert into vendaencerrada (ordemVenda, dataA, idproduto, idmesa, quantidade, preco) values (90, '2014-01-09 18:00:27', 4, 2, 9.52, 3.4);
insert into vendaencerrada (ordemVenda, dataA, idproduto, idmesa, quantidade, preco) values (90, '2014-11-04 03:05:41', 6, 2, 17.87, 3.05);
insert into vendaencerrada (ordemVenda, dataA, idproduto, idmesa, quantidade, preco) values (90, '2014-06-03 18:48:05', 4, 5, 11.38, 8.27);
insert into vendaencerrada (ordemVenda, dataA, idproduto, idmesa, quantidade, preco) values (90, '2014-02-06 10:35:44', 1, 1, 18.39, 17.47);
insert into vendaencerrada (ordemVenda, dataA, idproduto, idmesa, quantidade, preco) values (90, '2014-07-05 10:41:13', 2, 8, 4.77, 11.64);
insert into vendaencerrada (ordemVenda, dataA, idproduto, idmesa, quantidade, preco) values (90, '2014-06-05 02:27:27', 7, 8, 4.13, 1.97);
insert into vendaencerrada (ordemVenda, dataA, idproduto, idmesa, quantidade, preco) values (91, '2014-04-15 04:06:56', 5, 1, 12.92, 13.97);
insert into vendaencerrada (ordemVenda, dataA, idproduto, idmesa, quantidade, preco) values (91, '2014-04-02 16:40:01', 7, 7, 17.89, 19.57);
insert into vendaencerrada (ordemVenda, dataA, idproduto, idmesa, quantidade, preco) values (91, '2014-09-14 13:10:39', 5, 4, 17.47, 6.16);
insert into vendaencerrada (ordemVenda, dataA, idproduto, idmesa, quantidade, preco) values (91, '2014-08-05 03:23:45', 2, 2, 6.19, 10.35);
insert into vendaencerrada (ordemVenda, dataA, idproduto, idmesa, quantidade, preco) values (91, '2014-11-13 14:32:34', 4, 6, 8.48, 6.53);
insert into vendaencerrada (ordemVenda, dataA, idproduto, idmesa, quantidade, preco) values (91, '2014-06-26 08:24:25', 5, 5, 5.44, 1.68);
insert into vendaencerrada (ordemVenda, dataA, idproduto, idmesa, quantidade, preco) values (91, '2014-01-15 04:07:59', 1, 9, 7.13, 17.71);
insert into vendaencerrada (ordemVenda, dataA, idproduto, idmesa, quantidade, preco) values (91, '2014-06-16 14:36:10', 8, 6, 19.43, 1.8);
insert into vendaencerrada (ordemVenda, dataA, idproduto, idmesa, quantidade, preco) values (91, '2014-09-10 06:21:17', 8, 4, 5.96, 2.09);
insert into vendaencerrada (ordemVenda, dataA, idproduto, idmesa, quantidade, preco) values (91, '2014-07-10 22:09:06', 10, 6, 11.56, 15.93);
insert into vendaencerrada (ordemVenda, dataA, idproduto, idmesa, quantidade, preco) values (91, '2014-02-24 12:12:31', 5, 4, 12.86, 14.63);
insert into vendaencerrada (ordemVenda, dataA, idproduto, idmesa, quantidade, preco) values (91, '2014-06-20 18:19:27', 5, 9, 13.41, 15.79);
insert into vendaencerrada (ordemVenda, dataA, idproduto, idmesa, quantidade, preco) values (91, '2014-03-04 12:40:10', 7, 8, 18.89, 14.54);
insert into vendaencerrada (ordemVenda, dataA, idproduto, idmesa, quantidade, preco) values (91, '2014-07-06 06:56:54', 2, 7, 16.53, 19.76);
insert into vendaencerrada (ordemVenda, dataA, idproduto, idmesa, quantidade, preco) values (91, '2014-03-02 15:31:23', 9, 5, 10.02, 2.93);
insert into vendaencerrada (ordemVenda, dataA, idproduto, idmesa, quantidade, preco) values (92, '2014-03-25 02:54:40', 10, 4, 3.29, 14.52);
insert into vendaencerrada (ordemVenda, dataA, idproduto, idmesa, quantidade, preco) values (92, '2014-04-19 12:16:31', 10, 9, 18.01, 14.95);
insert into vendaencerrada (ordemVenda, dataA, idproduto, idmesa, quantidade, preco) values (92, '2014-10-04 17:54:30', 3, 10, 3.39, 11.96);
insert into vendaencerrada (ordemVenda, dataA, idproduto, idmesa, quantidade, preco) values (92, '2014-04-27 13:50:45', 5, 4, 2.78, 12.7);
insert into vendaencerrada (ordemVenda, dataA, idproduto, idmesa, quantidade, preco) values (92, '2014-02-09 02:12:07', 2, 10, 3.29, 9.95);
insert into vendaencerrada (ordemVenda, dataA, idproduto, idmesa, quantidade, preco) values (92, '2014-06-20 06:52:33', 10, 4, 13.89, 1.71);
insert into vendaencerrada (ordemVenda, dataA, idproduto, idmesa, quantidade, preco) values (92, '2014-05-08 23:52:44', 1, 9, 13.25, 10.07);
insert into vendaencerrada (ordemVenda, dataA, idproduto, idmesa, quantidade, preco) values (92, '2014-02-13 21:37:30', 10, 9, 6.05, 16.84);
insert into vendaencerrada (ordemVenda, dataA, idproduto, idmesa, quantidade, preco) values (93, '2014-09-29 05:26:35', 3, 10, 6.26, 8.1);
insert into vendaencerrada (ordemVenda, dataA, idproduto, idmesa, quantidade, preco) values (93, '2014-09-15 09:39:21', 7, 4, 8.07, 3.81);
insert into vendaencerrada (ordemVenda, dataA, idproduto, idmesa, quantidade, preco) values (93, '2014-07-16 18:50:51', 10, 2, 18.82, 11.34);
insert into vendaencerrada (ordemVenda, dataA, idproduto, idmesa, quantidade, preco) values (93, '2013-12-20 08:56:24', 2, 3, 13.75, 3.36);
insert into vendaencerrada (ordemVenda, dataA, idproduto, idmesa, quantidade, preco) values (93, '2014-02-03 21:44:48', 1, 9, 5.22, 5.35);
insert into vendaencerrada (ordemVenda, dataA, idproduto, idmesa, quantidade, preco) values (93, '2014-06-14 21:44:34', 1, 1, 9.7, 15.71);
insert into vendaencerrada (ordemVenda, dataA, idproduto, idmesa, quantidade, preco) values (93, '2014-11-14 08:04:22', 7, 6, 6.29, 12.4);
insert into vendaencerrada (ordemVenda, dataA, idproduto, idmesa, quantidade, preco) values (93, '2014-04-20 13:31:25', 10, 4, 1.35, 14.21);
insert into vendaencerrada (ordemVenda, dataA, idproduto, idmesa, quantidade, preco) values (93, '2014-11-04 22:52:54', 5, 1, 12.61, 4.85);
insert into vendaencerrada (ordemVenda, dataA, idproduto, idmesa, quantidade, preco) values (93, '2013-12-22 21:37:43', 6, 3, 5.7, 17.26);
insert into vendaencerrada (ordemVenda, dataA, idproduto, idmesa, quantidade, preco) values (93, '2014-07-06 04:37:38', 9, 6, 1.6, 8.62);
insert into vendaencerrada (ordemVenda, dataA, idproduto, idmesa, quantidade, preco) values (93, '2014-10-04 11:55:34', 7, 5, 1.44, 17.4);
insert into vendaencerrada (ordemVenda, dataA, idproduto, idmesa, quantidade, preco) values (94, '2014-09-12 08:47:06', 7, 2, 10.2, 11.87);
insert into vendaencerrada (ordemVenda, dataA, idproduto, idmesa, quantidade, preco) values (94, '2014-03-23 07:27:16', 10, 6, 6.33, 3.39);
insert into vendaencerrada (ordemVenda, dataA, idproduto, idmesa, quantidade, preco) values (94, '2014-05-06 09:48:39', 7, 6, 16.93, 3.58);
insert into vendaencerrada (ordemVenda, dataA, idproduto, idmesa, quantidade, preco) values (94, '2014-01-06 13:18:24', 8, 3, 9.15, 6.57);
insert into vendaencerrada (ordemVenda, dataA, idproduto, idmesa, quantidade, preco) values (94, '2014-05-21 03:08:24', 6, 9, 19.82, 1.36);
insert into vendaencerrada (ordemVenda, dataA, idproduto, idmesa, quantidade, preco) values (94, '2014-02-14 08:26:48', 8, 4, 7.99, 18.34);
insert into vendaencerrada (ordemVenda, dataA, idproduto, idmesa, quantidade, preco) values (94, '2014-08-18 13:41:29', 2, 10, 5.11, 2.06);
insert into vendaencerrada (ordemVenda, dataA, idproduto, idmesa, quantidade, preco) values (94, '2013-12-25 11:01:34', 2, 5, 9.51, 15.33);
insert into vendaencerrada (ordemVenda, dataA, idproduto, idmesa, quantidade, preco) values (94, '2014-06-29 20:35:44', 2, 10, 8.17, 19.33);
insert into vendaencerrada (ordemVenda, dataA, idproduto, idmesa, quantidade, preco) values (94, '2014-10-08 13:11:46', 3, 9, 18.07, 17.53);
insert into vendaencerrada (ordemVenda, dataA, idproduto, idmesa, quantidade, preco) values (95, '2014-01-20 06:57:16', 5, 2, 18.19, 17.13);
insert into vendaencerrada (ordemVenda, dataA, idproduto, idmesa, quantidade, preco) values (95, '2014-05-22 14:11:49', 4, 9, 11.88, 18.14);
insert into vendaencerrada (ordemVenda, dataA, idproduto, idmesa, quantidade, preco) values (95, '2014-10-17 19:54:39', 2, 10, 10.23, 6.82);
insert into vendaencerrada (ordemVenda, dataA, idproduto, idmesa, quantidade, preco) values (95, '2013-12-11 06:56:46', 10, 7, 17.27, 5.85);
insert into vendaencerrada (ordemVenda, dataA, idproduto, idmesa, quantidade, preco) values (95, '2014-05-11 01:25:08', 9, 3, 15.56, 3.98);
insert into vendaencerrada (ordemVenda, dataA, idproduto, idmesa, quantidade, preco) values (95, '2014-03-24 22:19:56', 2, 2, 11.58, 18.42);
insert into vendaencerrada (ordemVenda, dataA, idproduto, idmesa, quantidade, preco) values (95, '2014-09-04 21:30:20', 5, 7, 15.91, 11.65);
insert into vendaencerrada (ordemVenda, dataA, idproduto, idmesa, quantidade, preco) values (95, '2014-09-18 11:59:07', 5, 6, 2.05, 5.37);
insert into vendaencerrada (ordemVenda, dataA, idproduto, idmesa, quantidade, preco) values (95, '2014-01-21 21:19:23', 5, 7, 1.96, 18.01);
insert into vendaencerrada (ordemVenda, dataA, idproduto, idmesa, quantidade, preco) values (95, '2014-08-27 04:45:01', 1, 6, 1.36, 4.26);
insert into vendaencerrada (ordemVenda, dataA, idproduto, idmesa, quantidade, preco) values (96, '2014-10-10 00:26:50', 2, 1, 4.92, 12.12);
insert into vendaencerrada (ordemVenda, dataA, idproduto, idmesa, quantidade, preco) values (96, '2013-12-18 03:52:14', 10, 5, 13.24, 6.39);
insert into vendaencerrada (ordemVenda, dataA, idproduto, idmesa, quantidade, preco) values (96, '2014-10-05 00:37:28', 3, 6, 9.02, 6.5);
insert into vendaencerrada (ordemVenda, dataA, idproduto, idmesa, quantidade, preco) values (96, '2014-04-08 21:53:07', 2, 7, 4.68, 9.87);
insert into vendaencerrada (ordemVenda, dataA, idproduto, idmesa, quantidade, preco) values (96, '2014-03-16 12:02:10', 6, 6, 7.71, 2.83);
insert into vendaencerrada (ordemVenda, dataA, idproduto, idmesa, quantidade, preco) values (96, '2014-01-10 16:42:40', 6, 4, 19.96, 11.84);
insert into vendaencerrada (ordemVenda, dataA, idproduto, idmesa, quantidade, preco) values (96, '2014-09-23 08:53:44', 2, 7, 2.77, 10.27);
insert into vendaencerrada (ordemVenda, dataA, idproduto, idmesa, quantidade, preco) values (96, '2014-10-20 02:04:03', 2, 8, 17.3, 12.89);
insert into vendaencerrada (ordemVenda, dataA, idproduto, idmesa, quantidade, preco) values (96, '2014-02-05 05:32:42', 7, 9, 11.39, 10.01);
insert into vendaencerrada (ordemVenda, dataA, idproduto, idmesa, quantidade, preco) values (96, '2014-08-13 07:35:50', 8, 4, 18.4, 17.44);
insert into vendaencerrada (ordemVenda, dataA, idproduto, idmesa, quantidade, preco) values (96, '2014-03-19 16:24:30', 3, 10, 6.01, 2.41);
insert into vendaencerrada (ordemVenda, dataA, idproduto, idmesa, quantidade, preco) values (96, '2014-09-29 13:25:22', 10, 8, 13.34, 10.66);
insert into vendaencerrada (ordemVenda, dataA, idproduto, idmesa, quantidade, preco) values (96, '2014-07-11 00:12:27', 8, 3, 17.13, 12.69);
insert into vendaencerrada (ordemVenda, dataA, idproduto, idmesa, quantidade, preco) values (96, '2014-08-06 14:38:26', 2, 5, 10.44, 7.83);
insert into vendaencerrada (ordemVenda, dataA, idproduto, idmesa, quantidade, preco) values (96, '2014-02-22 00:05:51', 1, 7, 4.97, 18.58);
insert into vendaencerrada (ordemVenda, dataA, idproduto, idmesa, quantidade, preco) values (97, '2014-10-18 07:15:11', 1, 8, 16.45, 7.36);
insert into vendaencerrada (ordemVenda, dataA, idproduto, idmesa, quantidade, preco) values (97, '2014-08-04 10:12:30', 4, 6, 10.92, 12.03);
insert into vendaencerrada (ordemVenda, dataA, idproduto, idmesa, quantidade, preco) values (97, '2014-08-01 18:57:41', 1, 4, 10.46, 12.8);
insert into vendaencerrada (ordemVenda, dataA, idproduto, idmesa, quantidade, preco) values (97, '2014-01-28 19:33:02', 6, 9, 17.5, 4.33);
insert into vendaencerrada (ordemVenda, dataA, idproduto, idmesa, quantidade, preco) values (97, '2013-12-08 17:08:09', 8, 5, 13.89, 7.58);
insert into vendaencerrada (ordemVenda, dataA, idproduto, idmesa, quantidade, preco) values (97, '2014-02-01 08:34:34', 1, 7, 8.85, 8.13);
insert into vendaencerrada (ordemVenda, dataA, idproduto, idmesa, quantidade, preco) values (97, '2014-02-03 17:44:09', 2, 7, 7.83, 5.05);
insert into vendaencerrada (ordemVenda, dataA, idproduto, idmesa, quantidade, preco) values (97, '2014-08-20 21:55:04', 5, 2, 3.03, 4.15);
insert into vendaencerrada (ordemVenda, dataA, idproduto, idmesa, quantidade, preco) values (97, '2014-06-20 21:24:02', 8, 2, 14.55, 6.94);
insert into vendaencerrada (ordemVenda, dataA, idproduto, idmesa, quantidade, preco) values (97, '2014-05-15 07:02:55', 10, 10, 17.44, 8.28);
insert into vendaencerrada (ordemVenda, dataA, idproduto, idmesa, quantidade, preco) values (97, '2014-07-15 06:20:45', 6, 8, 13.3, 8.96);
insert into vendaencerrada (ordemVenda, dataA, idproduto, idmesa, quantidade, preco) values (98, '2014-09-13 21:37:21', 2, 1, 3.94, 12.92);
insert into vendaencerrada (ordemVenda, dataA, idproduto, idmesa, quantidade, preco) values (98, '2014-05-04 00:38:58', 1, 3, 10.8, 14.2);
insert into vendaencerrada (ordemVenda, dataA, idproduto, idmesa, quantidade, preco) values (98, '2014-06-22 21:37:57', 7, 1, 9.41, 2.87);
insert into vendaencerrada (ordemVenda, dataA, idproduto, idmesa, quantidade, preco) values (98, '2014-10-30 09:28:46', 4, 9, 18.97, 12.22);
insert into vendaencerrada (ordemVenda, dataA, idproduto, idmesa, quantidade, preco) values (98, '2014-10-19 03:34:30', 6, 4, 17.07, 19.02);
insert into vendaencerrada (ordemVenda, dataA, idproduto, idmesa, quantidade, preco) values (98, '2014-04-14 00:14:19', 5, 2, 13.84, 19.34);
insert into vendaencerrada (ordemVenda, dataA, idproduto, idmesa, quantidade, preco) values (98, '2014-10-12 17:01:02', 9, 10, 7.85, 3.32);
insert into vendaencerrada (ordemVenda, dataA, idproduto, idmesa, quantidade, preco) values (99, '2014-11-25 23:15:07', 10, 5, 16.77, 6.25);
insert into vendaencerrada (ordemVenda, dataA, idproduto, idmesa, quantidade, preco) values (99, '2014-11-26 18:12:15', 4, 8, 3.48, 9.87);
insert into vendaencerrada (ordemVenda, dataA, idproduto, idmesa, quantidade, preco) values (99, '2014-09-04 00:04:30', 7, 9, 2.66, 2.53);
insert into vendaencerrada (ordemVenda, dataA, idproduto, idmesa, quantidade, preco) values (99, '2014-05-07 06:03:59', 1, 10, 19.7, 6.59);
insert into vendaencerrada (ordemVenda, dataA, idproduto, idmesa, quantidade, preco) values (99, '2014-11-20 23:16:34', 10, 7, 5.68, 10.17);
insert into vendaencerrada (ordemVenda, dataA, idproduto, idmesa, quantidade, preco) values (99, '2014-09-29 01:37:03', 10, 3, 14.65, 14.21);
insert into vendaencerrada (ordemVenda, dataA, idproduto, idmesa, quantidade, preco) values (99, '2014-08-13 14:28:05', 6, 3, 9.53, 14.74);
insert into vendaencerrada (ordemVenda, dataA, idproduto, idmesa, quantidade, preco) values (100, '2014-10-28 23:34:36', 5, 9, 11.54, 18.49);
insert into vendaencerrada (ordemVenda, dataA, idproduto, idmesa, quantidade, preco) values (100, '2014-11-26 12:28:32', 3, 5, 6.88, 6.56);
insert into vendaencerrada (ordemVenda, dataA, idproduto, idmesa, quantidade, preco) values (100, '2014-03-07 04:39:57', 7, 8, 16.45, 18.16);
insert into vendaencerrada (ordemVenda, dataA, idproduto, idmesa, quantidade, preco) values (100, '2014-01-24 03:37:49', 7, 6, 11.24, 5.02);
insert into vendaencerrada (ordemVenda, dataA, idproduto, idmesa, quantidade, preco) values (100, '2013-12-13 13:25:35', 10, 1, 10.75, 17.52);
insert into vendaencerrada (ordemVenda, dataA, idproduto, idmesa, quantidade, preco) values (100, '2014-11-07 22:48:32', 3, 5, 4.95, 1.9);
insert into vendaencerrada (ordemVenda, dataA, idproduto, idmesa, quantidade, preco) values (100, '2014-09-29 16:55:08', 8, 3, 17.37, 17.5);
insert into vendaencerrada (ordemVenda, dataA, idproduto, idmesa, quantidade, preco) values (100, '2014-10-16 03:39:19', 5, 6, 12.3, 6.07);
insert into vendaencerrada (ordemVenda, dataA, idproduto, idmesa, quantidade, preco) values (100, '2014-11-27 02:04:11', 6, 7, 18.47, 11.78);
insert into vendaencerrada (ordemVenda, dataA, idproduto, idmesa, quantidade, preco) values (100, '2014-06-08 06:04:13', 2, 2, 15.27, 14.91);
